customer_id,age,annual_income,credit_score,loan_amount,existing_loans,region,employment_status,gender,marital_status,application_date,default_flag
101356,37.0,652929.1,646.0,492934.78,4,West,Employed,M,Widowed,2024-05-10,0
100984,51.0,711342.75,859.0,579397.63,4,West,Unemployed,male,Married,2023-12-26,0
100859,63.0,865132.43,750.0,481401.45,0,West,Self-Employed,male,Widowed,11/10/2023,0
101984,54.0,838715.47,718.0,384506.74,2,Central,Self-Employed,female,Widowed,2024-12-25,0
101293,18.0,55677.38,402.0,364197.44,2,East,Unemployed,Female,Single,17/04/2024,0
101469,21.0,404224.52,678.0,593075.54,4,East,Retired,M,Married,20/06/2024,1
101210,53.0,776932.11,687.0,406994.03,2,North,Retired,Male,Divorced,17-Mar-2024,0
100367,36.0,752992.9,468.0,43291.91,0,Central,Unemployed,M,Widowed,05/15/2023,0
101703,29.0,822765.64,892.0,101818.63,4,South,Employed,MALE ,Widowed,09/13/2024,0
101383,69.0,812885.16,877.0,644178.1,1,South,Self-Employed,Male,Widowed,05/20/2024,0
101787,23.0,919752.41,383.0,199681.47,3,Central,Unemployed,Male,Divorced,10/14/2024,0
100251,46.0,351160.26,889.0,249502.39,0,East,Self-Employed,M,Single,04/02/2023,0
100471,63.0,338170.63,875.0,287195.69,1,North,Employed,FEMALE,Widowed,06/22/2023,0
100382,72.0,622713.71,888.0,260016.17,3,North,,FEMALE,Single,20-May-2023,0
101908,20.0,89293.09,582.0,551366.79,1,South,Self-Employed,MALE ,Married,2024-11-27,0
100618,21.0,244771.62,719.0,496622.25,1,Central,Self-Employed,male,Divorced,14-Aug-2023,0
101091,43.0,499320.16,759.0,392091.79,3,East,Unemployed,F,Single,02/03/2024,0
101402,35.0,847226.97,432.0,387940.24,0,East,Employed,Female,Divorced,26-May-2024,0
101137,38.0,580080.79,432.0,297170.26,2,North,Employed,FEMALE,Single,20/02/2024,0
101601,60.0,197595.76,563.0,219397.46,4,South,Employed,F,Single,07/08/2024,0
100583,20.0,258235.44,543.0,221901.53,1,North,Unemployed,M,Divorced,08/01/2023,0
100925,71.0,365769.35,754.0,350110.5,2,North,Unemployed,FEMALE,Married,04/12/2023,1
100065,36.0,524909.73,409.0,470454.51,0,West,Self-Employed,female,Divorced,24/01/2023,0
100923,26.0,906128.17,730.0,412976.62,0,East,Unemployed,FEMALE,Divorced,12/04/2023,0
100321,24.0,1150877.35,532.0,530166.33,0,Central,Employed,female,Widowed,28/04/2023,0
100305,25.0,556263.83,818.0,475121.97,3,West,Unemployed,FEMALE,Single,22/04/2023,0
101541,31.0,876314.85,394.0,612541.66,1,West,Employed,Male,Married,16/07/2024,0
101771,39.0,1264560.9,430.0,785548.3,3,West,Retired,FEMALE,Divorced,10/08/2024,0
101401,31.0,429200.09,884.0,97263.39,2,Central,Employed,FEMALE,Widowed,26/05/2024,0
100432,65.0,297545.14,607.0,531348.33,4,West,Employed,F,Single,2023-06-07,0
100694,23.0,374966.11,589.0,-71549.95,1,West,Self-Employed,F,Divorced,11-Sep-2023,1
101664,47.0,403439.97,303.0,367574.17,0,East,Retired,MALE ,Divorced,2024-08-30,0
100111,62.0,503353.73,824.0,318759.95,0,East,Self-Employed,Female,Single,02/10/2023,0
101022,67.0,309939.14,553.0,302559.16,3,West,Retired,male,Widowed,09-Jan-2024,0
100029,43.0,841705.72,449.0,432910.4,0,North,Retired,M,Single,11/01/2023,0
101882,28.0,893996.01,845.0,116444.16,1,West,Employed,male,Divorced,18-Nov-2024,0
100383,31.0,586779.64,706.0,333629.06,1,South,,F,Divorced,05/20/2023,0
101472,43.0,617565.95,522.0,604135.24,4,West,Employed,M,Widowed,2024-06-21,0
101873,71.0,608031.48,386.0,338033.51,4,South,,MALE ,Widowed,14/11/2024,1
100306,35.0,743263.08,386.0,305901.86,0,Central,Unemployed,Male,Divorced,22-Apr-2023,0
100056,49.0,804033.67,398.0,302559.44,1,North,Employed,F,Married,2023-01-21,0
100771,74.0,445061.52,816.0,267570.17,2,North,Self-Employed,FEMALE,Single,10/09/2023,0
100777,24.0,817807.0,541.0,423218.84,2,East,Employed,Male,Widowed,11/10/2023,0
101693,40.0,397922.78,848.0,47504.32,3,East,,FEMALE,Widowed,10/09/2024,0
101271,24.0,424373.37,515.0,334445.9,1,North  ,Retired,FEMALE,Single,04/09/2024,1
101576,49.0,846870.68,634.0,521814.43,0,Central,Employed,MALE ,Divorced,2024-07-29,0
100420,70.0,378358.04,,344544.89,0,West,Retired,female,Married,2023-06-03,0
100819,74.0,-100000.0,827.0,828620.96,4,Central,Unemployed,Male,Widowed,10/27/2023,0
101510,37.0,702928.45,308.0,663664.97,3,Central,Employed,Female,Married,05-Jul-2024,0
101182,57.0,681840.62,765.0,323431.32,1,South  ,Employed,male,Single,07-Mar-2024,0
100494,-5.0,468847.24,320.0,336562.86,1,East,Retired,M,Divorced,30-Jun-2023,0
100324,73.0,540236.52,647.0,280099.53,3,North,Retired,M,Widowed,2023-04-29,0
101436,42.0,475610.7,394.0,362382.62,4,West,Retired,Male,Single,2024-06-08,0
101133,61.0,714164.68,378.0,405856.76,4,South,,F,Married,18/02/2024,1
100678,47.0,663364.48,518.0,234102.26,1,North,Employed,MALE ,Widowed,05-Sep-2023,0
100903,68.0,867983.59,705.0,530226.52,0,East,Employed,F,Divorced,11/26/2023,1
101366,35.0,641599.14,786.0,602648.64,2,South,Employed,Female,Divorced,13-May-2024,0
101151,46.0,703774.53,693.0,399824.5,1,East,Self-Employed,MALE ,Single,02/25/2024,0
101555,27.0,596550.78,638.0,488494.13,0,North,Retired,Male,Married,07/21/2024,0
100351,20.0,278736.13,511.0,592200.08,4,Central,Self-Employed,M,Widowed,05/09/2023,0
101518,46.0,621419.46,360.0,483717.55,1,West,Self-Employed,female,Single,08-Jul-2024,0
101463,20.0,269450.18,607.0,573362.66,3,East,Retired,Male,Divorced,06/18/2024,0
100818,55.0,953220.92,361.0,426875.77,1,North,Retired,FEMALE,Widowed,26-Oct-2023,0
100614,57.0,611743.53,524.0,453956.72,4,North,Self-Employed,MALE ,Divorced,13-Aug-2023,0
100070,63.0,510557.16,490.0,503043.05,1,West,Self-Employed,female,Single,26-Jan-2023,0
100450,72.0,898872.57,,238687.04,4,South,Retired,F,Single,14-Jun-2023,0
101307,31.0,,669.0,268611.34,3,North,Retired,female,Divorced,04/22/2024,0
101578,24.0,528221.61,628.0,501760.43,0,East,Self-Employed,FEMALE,Divorced,30-Jul-2024,0
101949,36.0,1043980.07,667.0,655891.04,2,Central,Retired,M,Single,12/12/2024,0
101185,35.0,438313.98,,605976.24,4,Central,Unemployed,FEMALE,Widowed,08/03/2024,1
100869,20.0,704896.23,880.0,341997.45,1,North,Employed,male,Widowed,14/11/2023,0
100353,42.0,459872.79,,467663.09,0,Central,Employed,Male,Widowed,09/05/2023,0
101468,62.0,410497.1,475.0,516582.48,0,West,Unemployed,Male,Divorced,2024-06-20,0
100974,26.0,673706.71,1200.0,140639.33,4,West,Retired,Female,Divorced,22-Dec-2023,0
101339,41.0,1133845.3,336.0,457430.67,2,East,Employed,female,Divorced,05/03/2024,0
101550,33.0,1008998.5,862.0,368885.76,1,West,Unemployed,Male,Divorced,20-Jul-2024,0
100124,66.0,652126.41,492.0,276384.03,3,South,Retired,MALE ,Single,2023-02-15,0
100210,32.0,687156.77,309.0,456410.44,0,South,Employed,female,Single,18-Mar-2023,1
100948,72.0,-111908.14,578.0,483905.51,3,South,Retired,Female,Single,2023-12-13,0
101078,41.0,401416.22,469.0,283487.33,3,Central,Unemployed,FEMALE,Widowed,29-Jan-2024,0
101646,37.0,551943.5,703.0,371890.12,4,North,Retired,female,Widowed,24-Aug-2024,0
101493,36.0,335146.73,801.0,298802.77,3,West,Unemployed,male,Single,29/06/2024,0
101111,31.0,110998.0,782.0,290393.13,0,North,Self-Employed,FEMALE,Divorced,02/10/2024,0
100584,41.0,468914.37,355.0,364572.95,3,Central,Employed,Male,Married,2023-08-02,0
101333,64.0,527444.46,446.0,123118.17,1,South,Self-Employed,M,Married,01/05/2024,0
100352,35.0,947603.39,404.0,411216.52,2,East,Employed,Female,Single,2023-05-09,0
101041,66.0,947196.03,779.0,685081.04,0,Central,Self-Employed,M,Single,16/01/2024,0
101754,53.0,972482.42,788.0,437308.34,3,South,Self-Employed,female,Widowed,02-Oct-2024,1
101566,73.0,686378.7,387.0,425667.08,2,Central,Self-Employed,MALE ,Single,25-Jul-2024,0
100519,51.0,869514.64,592.0,391993.77,1,South,Retired,FEMALE,Married,07/09/2023,0
100069,44.0,896534.08,569.0,438468.84,0,West,Unemployed,F,Married,26/01/2023,0
100982,49.0,1150240.78,707.0,187724.98,0,East,Unemployed,female,Married,25-Dec-2023,1
101630,50.0,721722.78,617.0,165427.8,2,South,Employed,Male,Widowed,18-Aug-2024,0
101080,70.0,774480.73,658.0,339905.66,1,South,Retired,male,Single,2024-01-30,0
101560,34.0,557145.57,486.0,236401.0,1,West,Unemployed,M,Divorced,2024-07-23,1
101013,35.0,,626.0,709753.64,3,Central,Employed,Male,Widowed,05/01/2024,1
101833,22.0,585096.49,875.0,447611.57,4,Central,,FEMALE,Single,31/10/2024,0
100211,58.0,741552.4,482.0,274171.58,4,East,Unemployed,Female,Widowed,03/19/2023,0
101010,33.0,704318.29,504.0,388384.17,3,North,Employed,F,Divorced,04-Jan-2024,0
101567,52.0,606257.99,711.0,463857.19,3,East,Self-Employed,male,Divorced,07/26/2024,0
100099,25.0,382009.36,756.0,377324.74,1,South,Self-Employed,Male,Divorced,02/06/2023,0
101310,47.0,1121547.29,711.0,656430.19,1,East,Self-Employed,MALE ,Divorced,23-Apr-2024,0
100730,59.0,,810.0,483732.79,0,East,Retired,male,Divorced,24-Sep-2023,0
100529,70.0,730699.37,315.0,287467.14,3,North,Employed,Male,Widowed,13/07/2023,1
100298,34.0,621125.28,315.0,404670.23,2,West,Retired,F,Widowed,19-Apr-2023,0
101018,20.0,,382.0,300497.58,4,South,Employed,M,Married,07-Jan-2024,0
101330,43.0,462499.57,747.0,307102.4,0,East,Unemployed,male,Single,30-Apr-2024,1
100712,59.0,579849.89,538.0,421823.96,3,West,Unemployed,male,Divorced,2023-09-18,0
101329,37.0,1293129.36,,566252.14,3,Central,Unemployed,male,Single,30/04/2024,0
100650,45.0,205753.34,817.0,436010.73,2,Central,Retired,FEMALE,Widowed,26-Aug-2023,1
100239,53.0,471915.73,411.0,411882.26,0,West,Self-Employed,Male,Divorced,03/29/2023,0
101961,74.0,312394.65,628.0,420313.9,4,North  ,Unemployed,M,Married,17/12/2024,0
101721,60.0,971710.57,672.0,442929.24,3,South,Unemployed,Male,Widowed,20/09/2024,1
101846,40.0,516551.02,700.0,290802.93,1,East,Retired,MALE ,Widowed,05-Nov-2024,0
101876,31.0,832953.35,730.0,465769.54,4,North,Self-Employed,Male,Widowed,2024-11-16,0
100394,59.0,879077.86,379.0,422738.48,3,West,Self-Employed,Female,Widowed,24-May-2023,0
101353,70.0,754866.22,755.0,619276.13,2,Central,Employed,Male,Divorced,09/05/2024,0
101229,34.0,604923.24,815.0,386193.62,2,East,,male,Widowed,24/03/2024,0
101716,54.0,477471.11,727.0,401107.75,1,South,Self-Employed,MALE ,Divorced,2024-09-18,0
101144,36.0,774085.76,448.0,253624.25,3,Central,Unemployed,Female,Single,2024-02-22,0
101620,33.0,1002540.5,,467113.11,0,West,Unemployed,M,Widowed,2024-08-14,0
100802,47.0,,894.0,371800.13,4,South,Unemployed,M,Single,20-Oct-2023,0
100128,50.0,956573.24,395.0,367060.9,4,South,Retired,male,Divorced,2023-02-16,0
100862,24.0,593386.35,342.0,330709.72,3,North,Unemployed,F,Divorced,11-Nov-2023,0
100275,45.0,1070896.55,726.0,471611.59,2,East,Self-Employed,MALE ,Divorced,04/11/2023,0
100534,50.0,493849.15,567.0,438654.36,0,East,Unemployed,FEMALE,Married,15-Jul-2023,0
101055,74.0,682482.46,842.0,517102.16,2,West,Unemployed,FEMALE,Widowed,01/21/2024,0
101425,64.0,235028.03,825.0,672201.3,0,Central,Unemployed,MALE ,Married,04/06/2024,0
101376,72.0,,389.0,110269.58,4,West,Self-Employed,MALE ,Widowed,2024-05-17,0
101345,74.0,992196.16,702.0,285161.81,4,North,Employed,female,Married,06/05/2024,0
100526,70.0,382074.67,817.0,764000.16,2,East  ,Employed,M,Divorced,12-Jul-2023,0
100485,31.0,623693.97,620.0,191423.13,2,East,Unemployed,Male,Single,27/06/2023,0
101809,72.0,788978.01,355.0,448702.25,0,Central,Self-Employed,MALE ,Widowed,22/10/2024,0
101970,65.0,1005406.74,836.0,486153.14,0,North,Unemployed,FEMALE,Widowed,20-Dec-2024,0
101891,31.0,565098.74,352.0,278305.55,0,East,Self-Employed,female,Married,11/21/2024,0
101559,66.0,632496.79,558.0,66195.52,2,West,Employed,Male,Divorced,07/23/2024,0
101609,25.0,446043.34,469.0,376296.82,3,West,Employed,M,Single,10/08/2024,0
101812,56.0,397282.77,856.0,269142.23,0,Central,Retired,Female,Widowed,2024-10-23,0
101190,41.0,447636.57,421.0,401958.09,2,South,Employed,female,Divorced,10-Mar-2024,0
100527,26.0,561596.31,587.0,277448.7,2,South,Employed,FEMALE,Married,07/12/2023,0
101235,37.0,672700.01,485.0,609027.93,4,East,Employed,M,Single,03/27/2024,0
100530,52.0,362478.63,381.0,667843.11,4,North,Unemployed,Male,Married,13-Jul-2023,0
100900,18.0,819630.99,419.0,169587.26,2,West,Unemployed,F,Widowed,2023-11-25,0
101870,20.0,707668.08,677.0,485859.27,2,West,Unemployed,FEMALE,Divorced,13-Nov-2024,0
101258,48.0,708574.59,535.0,437851.87,0,South,Self-Employed,FEMALE,Married,04-Apr-2024,1
100817,24.0,821940.28,518.0,318051.35,0,North,Retired,female,Married,26/10/2023,0
100907,27.0,383881.81,425.0,403682.47,2,North,Employed,FEMALE,Divorced,11/28/2023,1
101040,58.0,372267.23,323.0,143269.09,0,North,Unemployed,female,Divorced,2024-01-15,0
101453,32.0,184701.58,496.0,493113.22,1,East,Retired,Female,Divorced,14/06/2024,1
100679,71.0,620207.79,,393712.3,0,West,Self-Employed,female,Divorced,09/05/2023,1
101164,47.0,1234461.28,511.0,533504.07,4,East,Self-Employed,M,Widowed,2024-03-01,0
101536,26.0,771113.36,603.0,533003.51,2,Central,Unemployed,F,Single,2024-07-14,0
100115,,758148.61,810.0,507019.07,0,West,Self-Employed,male,Married,02/11/2023,0
100965,51.0,434203.58,403.0,255688.43,2,West,Self-Employed,F,Widowed,19/12/2023,0
100342,53.0,563119.15,351.0,338448.89,4,South,Unemployed,MALE ,Single,05-May-2023,0
101691,68.0,605014.98,730.0,540699.84,1,South,Unemployed,Male,Married,09/09/2024,0
101941,32.0,350220.72,410.0,391021.84,1,East,Retired,male,Divorced,09/12/2024,0
101996,49.0,465931.72,426.0,436803.24,4,West,Retired,Male,Divorced,2024-12-29,0
100254,55.0,972640.94,866.0,442493.02,1,Central,Retired,FEMALE,Widowed,03-Apr-2023,0
101826,23.0,520925.6,820.0,384252.29,4,North,Employed,male,Single,28-Oct-2024,0
101831,72.0,793340.62,555.0,566558.65,3,East,Retired,FEMALE,Widowed,10/30/2024,0
101950,70.0,1107738.57,471.0,699743.35,2,North,Retired,F,Single,13-Dec-2024,0
101090,46.0,197446.67,327.0,587806.53,3,East,Employed,M,Divorced,03-Feb-2024,0
101274,61.0,448501.6,743.0,282589.91,1,South,Retired,Male,Divorced,10-Apr-2024,1
100120,43.0,264093.7,841.0,302188.81,3,East,Unemployed,M,Single,2023-02-13,0
101943,19.0,528752.57,1200.0,633034.7,4,East,Unemployed,Male,Single,12/10/2024,0
100579,23.0,204815.47,662.0,447753.88,1,East,Unemployed,female,Divorced,07/31/2023,0
101301,40.0,188415.75,356.0,523334.4,4,South,Self-Employed,female,Married,20/04/2024,0
100256,56.0,845639.71,332.0,93871.17,3,Central,Retired,Female,Single,2023-04-04,0
100808,40.0,724228.97,,529959.61,1,North,Employed,F,Single,2023-10-23,0
100135,35.0,799586.76,875.0,327862.5,1,Central,Unemployed,female,Single,02/19/2023,0
101110,54.0,663438.14,567.0,564273.11,3,North,Employed,F,Divorced,10-Feb-2024,0
101581,30.0,216255.98,626.0,527329.89,2,North,Self-Employed,MALE ,Divorced,31/07/2024,0
100939,46.0,658092.53,730.0,440800.17,0,West,Retired,male,Widowed,12/09/2023,0
100464,18.0,417752.71,887.0,320012.17,1,North,Employed,F,Single,2023-06-19,0
100438,22.0,823667.65,704.0,691714.34,1,South,Retired,Female,Married,09-Jun-2023,0
101344,28.0,719810.39,444.0,258266.56,1,East,Self-Employed,Male,Divorced,2024-05-05,0
101047,52.0,1047554.7,673.0,524087.9,0,South,Self-Employed,M,Widowed,01/18/2024,0
100930,48.0,763254.69,840.0,197230.61,1,South,Self-Employed,M,Divorced,06-Dec-2023,0
100109,58.0,979753.3,851.0,385118.24,2,North,Self-Employed,male,Single,09/02/2023,0
100361,68.0,619047.68,748.0,310790.9,4,North,Retired,FEMALE,Married,12/05/2023,0
100350,48.0,744011.09,676.0,270145.27,0,West,Unemployed,Female,Divorced,08-May-2023,0
101632,23.0,909572.48,603.0,568719.39,3,West,Self-Employed,MALE ,Divorced,2024-08-18,0
101756,37.0,694911.67,470.0,308229.27,2,Central,Self-Employed,Male,Married,2024-10-03,0
100620,42.0,885691.45,570.0,447771.71,0,Central,Employed,male,Divorced,2023-08-15,0
100233,61.0,319364.72,659.0,323368.44,2,South,Retired,M,Widowed,27/03/2023,0
101525,20.0,841488.86,767.0,621521.29,2,South,Unemployed,Female,Single,10/07/2024,0
101427,,428134.04,485.0,667284.43,2,South,Employed,Male,Widowed,06/05/2024,0
100692,71.0,682155.4,383.0,446985.48,2,East,Employed,FEMALE,Widowed,2023-09-10,0
101925,25.0,,571.0,598710.54,1,Central,Self-Employed,Female,Married,03/12/2024,0
100788,49.0,,1200.0,376590.47,2,South,Retired,M,Widowed,2023-10-15,0
101342,24.0,715355.1,696.0,444764.69,1,East,Employed,M,Divorced,05-May-2024,1
100881,66.0,553862.47,559.0,312127.96,4,South,Retired,female,Married,18/11/2023,0
100756,60.0,1130736.55,623.0,561868.57,3,East,Self-Employed,male,Divorced,2023-10-04,1
100479,24.0,1231444.95,722.0,514801.38,2,West,Retired,Female,Single,06/24/2023,0
100552,65.0,166367.32,783.0,448519.76,0,West,Unemployed,male,Divorced,2023-07-21,0
100247,41.0,-12927.08,849.0,718251.25,0,North,Unemployed,male,Married,04/01/2023,0
101744,29.0,826633.13,575.0,629894.18,4,East,Retired,male,Divorced,2024-09-28,0
100344,69.0,851142.58,440.0,292880.34,4,South,Unemployed,male,Single,2023-05-06,1
101859,59.0,1110537.66,506.0,190882.62,1,North,Retired,M,Widowed,11/09/2024,0
100567,32.0,1152188.85,351.0,490828.78,2,Central,Self-Employed,F,Married,07/27/2023,0
100570,72.0,228163.08,496.0,590835.83,2,East,Self-Employed,male,Divorced,28-Jul-2023,0
100307,49.0,494099.83,385.0,619849.03,4,East,Unemployed,F,Married,04/23/2023,0
101782,19.0,837441.39,449.0,422702.04,3,Central,Employed,female,Divorced,12-Oct-2024,0
100212,62.0,-100000.0,657.0,297213.58,1,East,Retired,Male,Divorced,2023-03-19,1
100490,71.0,672685.64,681.0,479324.12,2,East,Self-Employed,Male,Widowed,28-Jun-2023,0
100904,44.0,509548.36,483.0,535355.11,4,South,Employed,MALE ,Single,2023-11-27,0
100231,66.0,,300.0,288070.79,2,South,Employed,male,Divorced,03/26/2023,0
100414,19.0,-66763.74,727.0,526590.86,4,North,Employed,F,Divorced,01-Jun-2023,0
101351,40.0,1208596.56,820.0,764120.81,0,South,Unemployed,M,Single,05/08/2024,0
100281,45.0,607108.87,324.0,221127.71,0,North,Employed,F,Divorced,13/04/2023,0
101967,44.0,461195.15,352.0,605001.88,2,North,Unemployed,male,Married,12/19/2024,0
101239,20.0,535960.95,490.0,388023.05,2,East,Self-Employed,MALE ,Single,03/28/2024,0
100433,25.0,945632.69,631.0,69596.1,2,West,Self-Employed,MALE ,Divorced,08/06/2023,0
100049,62.0,663043.33,461.0,244883.33,3,North,Unemployed,Female,Married,18/01/2023,0
100297,43.0,637610.29,404.0,496117.77,1,South,Unemployed,M,Married,19/04/2023,0
101923,42.0,445610.4,357.0,152640.05,1,West,Self-Employed,FEMALE,Widowed,12/03/2024,0
100482,32.0,501694.95,407.0,249416.78,4,North,Retired,Female,Divorced,26-Jun-2023,0
100706,18.0,762505.17,613.0,425503.65,4,North,Self-Employed,MALE ,Divorced,15-Sep-2023,0
100774,66.0,1019348.42,464.0,530287.29,3,South,Retired,male,Single,10-Oct-2023,0
101125,66.0,682968.45,829.0,533636.47,0,South,Employed,female,Widowed,15/02/2024,0
101124,65.0,807351.0,745.0,82134.41,1,South,Employed,Male,Divorced,2024-02-15,0
101352,46.0,582400.76,410.0,415363.42,1,West,Employed,Female,Widowed,2024-05-08,0
100173,59.0,1079698.75,499.0,308686.46,2,East,Unemployed,FEMALE,Married,05/03/2023,0
100809,74.0,313299.36,657.0,437548.49,4,North,Unemployed,M,Divorced,23/10/2023,0
100429,58.0,800663.11,583.0,311517.8,4,West,Self-Employed,Male,Widowed,06/06/2023,0
100495,41.0,436560.19,465.0,522710.51,2,South,Employed,Female,Divorced,06/30/2023,0
101735,63.0,858844.25,722.0,457434.26,0,Central,Self-Employed,F,Married,09/25/2024,0
100237,42.0,487359.09,374.0,282148.45,0,Central,Unemployed,MALE ,Married,28/03/2023,0
101747,39.0,614649.33,628.0,265586.68,1,North,Employed,Female,Married,09/29/2024,0
100543,27.0,666978.29,337.0,303847.61,1,West,Unemployed,M,Married,07/18/2023,0
100023,70.0,867638.9,576.0,279377.51,0,East,Employed,Female,Single,01/09/2023,0
101669,59.0,567697.65,580.0,296176.89,2,East,Unemployed,M,Single,01/09/2024,1
100063,73.0,946908.6,545.0,353870.84,1,South,Unemployed,male,Widowed,01/24/2023,0
100630,60.0,709650.2,,446705.97,4,Central,Self-Employed,male,Divorced,19-Aug-2023,1
100188,31.0,,739.0,552576.6,4,East,Self-Employed,MALE ,Divorced,2023-03-10,0
101879,23.0,508069.46,345.0,200605.19,0,South,Unemployed,male,Single,11/17/2024,0
100861,70.0,430972.52,775.0,546099.45,2,East,Unemployed,M,Single,11/11/2023,0
101677,41.0,1011764.67,371.0,470902.46,2,East,Self-Employed,Male,Married,04/09/2024,0
100368,19.0,1114873.7,344.0,448944.84,0,West,,MALE ,Divorced,2023-05-15,0
100270,34.0,792634.26,478.0,483081.45,2,South,Retired,male,Married,09-Apr-2023,0
101617,46.0,765054.66,664.0,198507.33,1,North,Employed,M,Married,13/08/2024,0
100873,25.0,503169.81,568.0,46376.88,2,South,Self-Employed,FEMALE,Divorced,15/11/2023,0
100196,37.0,273168.59,715.0,248627.45,3,South,Employed,FEMALE,Married,2023-03-13,0
100483,63.0,568613.75,590.0,509130.05,4,Central,Unemployed,female,Single,06/26/2023,0
101216,46.0,399406.06,694.0,306381.84,4,Central,Unemployed,FEMALE,Divorced,2024-03-20,0
101269,20.0,640225.27,645.0,511033.46,2,East,,Male,Divorced,08/04/2024,0
101272,71.0,573756.7,807.0,480614.47,0,East,Self-Employed,F,Married,2024-04-09,0
101313,66.0,958811.85,660.0,211650.97,1,East,Unemployed,Female,Widowed,24/04/2024,0
100100,65.0,763755.93,623.0,395296.79,4,East,Employed,Female,Married,2023-02-06,0
101828,52.0,818901.66,813.0,580567.32,2,West,Retired,MALE ,Single,2024-10-29,1
101587,22.0,747259.4,861.0,394382.04,3,Central,Employed,male,Married,08/02/2024,0
101968,65.0,-34883.28,494.0,643674.68,0,South,Employed,MALE ,Divorced,2024-12-19,0
100220,25.0,741340.94,543.0,479987.8,0,South,Employed,male,Married,2023-03-22,0
100555,46.0,591468.62,627.0,77145.13,2,Central,Self-Employed,FEMALE,Single,07/22/2023,0
101673,61.0,797160.04,1200.0,341384.36,3,South,Unemployed,female,Divorced,02/09/2024,0
100480,34.0,1029110.03,633.0,186740.9,1,East,Retired,FEMALE,Divorced,2023-06-25,0
101676,26.0,410790.82,790.0,404736.12,2,Central,Employed,FEMALE,Married,2024-09-04,0
101446,71.0,289662.3,307.0,260409.47,3,South,Self-Employed,Male,Divorced,12-Jun-2024,0
100733,62.0,368011.74,800.0,598136.5,1,South,Employed,MALE ,Widowed,25/09/2023,0
100757,39.0,931838.69,332.0,401198.4,1,Central,Retired,male,Divorced,04/10/2023,0
100979,50.0,,603.0,524190.74,2,North,Retired,Male,Widowed,12/24/2023,0
100611,44.0,96453.16,504.0,453752.9,0,South,Unemployed,FEMALE,Divorced,08/12/2023,0
101987,30.0,117957.61,588.0,425804.67,0,Central,Employed,FEMALE,Single,12/26/2024,0
100857,21.0,430089.39,472.0,336087.16,3,West,Retired,F,Married,09/11/2023,0
100316,59.0,848959.66,591.0,626670.48,0,West,Self-Employed,F,Widowed,2023-04-26,0
100596,51.0,363291.98,347.0,234012.63,2,South,Retired,Female,Widowed,2023-08-06,0
101942,67.0,785969.25,339.0,517377.73,1,North,Unemployed,FEMALE,Single,10-Dec-2024,0
101507,45.0,423095.62,509.0,424141.32,4,West,Employed,F,Single,07/04/2024,0
101242,72.0,541449.89,601.0,238415.82,2,North,Unemployed,Female,Divorced,29-Mar-2024,0
101283,63.0,390854.51,493.0,458074.27,0,North,Retired,male,Divorced,04/13/2024,0
100078,50.0,435198.5,357.0,429307.14,4,South,Retired,male,Married,29-Jan-2023,1
100838,18.0,169771.02,395.0,347742.35,4,Central,Self-Employed,M,Widowed,03-Nov-2023,0
100032,23.0,855938.28,592.0,299749.24,3,Central,Unemployed,M,Widowed,2023-01-12,0
100462,60.0,836374.73,599.0,387651.15,0,Central,Self-Employed,Female,Married,18-Jun-2023,0
100746,48.0,621707.9,825.0,370749.34,4,Central,Unemployed,F,Widowed,30-Sep-2023,0
101847,48.0,651801.77,363.0,606212.3,0,Central,Unemployed,male,Married,11/05/2024,0
100422,61.0,421044.13,477.0,72039.03,1,West,Retired,F,Married,04-Jun-2023,0
100163,41.0,426448.16,395.0,516362.85,3,West,Unemployed,female,Widowed,03/01/2023,0
100203,57.0,,805.0,123844.57,3,South,Self-Employed,FEMALE,Divorced,03/16/2023,0
101414,51.0,847585.15,316.0,109599.83,0,Central,Employed,MALE ,Widowed,31-May-2024,0
100289,44.0,843623.68,604.0,505697.17,2,Central,Unemployed,Female,Married,16/04/2023,0
100937,26.0,804776.25,686.0,235161.32,0,South,Unemployed,Male,Single,09/12/2023,0
100780,68.0,728454.76,511.0,392373.01,0,East,Self-Employed,MALE ,Widowed,2023-10-12,0
100538,48.0,774679.86,350.0,432354.81,3,North,Unemployed,male,Single,16-Jul-2023,0
101995,18.0,,684.0,514616.23,3,North,Employed,male,Single,12/29/2024,0
100363,68.0,180502.81,512.0,400040.52,0,South,Retired,Female,Married,05/13/2023,0
101811,55.0,766374.19,343.0,572274.29,0,East,Retired,MALE ,Divorced,10/23/2024,0
101454,50.0,579816.65,542.0,465617.27,0,West,Self-Employed,FEMALE,Divorced,14-Jun-2024,0
101392,74.0,1042833.95,427.0,565369.98,0,South,Self-Employed,F,Widowed,2024-05-23,0
100218,43.0,305903.13,462.0,200253.29,3,South,Retired,FEMALE,Widowed,21-Mar-2023,0
101960,65.0,719204.93,451.0,375679.82,0,South,Self-Employed,FEMALE,Single,2024-12-16,0
101668,48.0,951856.26,701.0,538199.53,3,South,Retired,F,Single,2024-09-01,0
101326,56.0,543348.75,590.0,511096.41,3,North,Employed,Female,Widowed,29-Apr-2024,0
100610,65.0,,412.0,296732.18,2,Central,Employed,MALE ,Divorced,11-Aug-2023,0
100721,71.0,614651.12,856.0,295801.1,0,West,Employed,MALE ,Single,21/09/2023,0
100059,56.0,104947.48,524.0,534282.76,2,Central,Employed,Female,Single,01/22/2023,0
101708,,741371.84,552.0,459012.37,4,North,Self-Employed,Female,Single,2024-09-15,0
101405,26.0,621305.51,734.0,615102.74,3,Central,Unemployed,Female,Single,28/05/2024,0
100073,25.0,411302.05,878.0,383043.94,1,North,Unemployed,M,Single,27/01/2023,0
100162,41.0,125637.26,390.0,347248.09,3,South,Retired,M,Widowed,01-Mar-2023,0
100366,44.0,,790.0,450437.24,2,South,Unemployed,Female,Divorced,14-May-2023,1
100532,,354630.23,585.0,298247.52,3,West,Self-Employed,Female,Married,2023-07-14,0
100561,20.0,116326.58,338.0,519541.55,1,North,Retired,MALE ,Single,24/07/2023,0
101825,69.0,453550.93,1200.0,647798.78,1,East,Self-Employed,male,Widowed,28/10/2024,0
100602,60.0,253225.42,500.0,484706.5,2,East,Employed,F,Single,08-Aug-2023,0
101964,64.0,867418.94,787.0,407891.81,2,East,Self-Employed,MALE ,Widowed,2024-12-18,0
100045,73.0,524813.81,390.0,465988.6,0,East,Retired,Female,Widowed,17/01/2023,0
100978,37.0,199285.95,779.0,349378.54,1,North,Self-Employed,FEMALE,Divorced,24-Dec-2023,0
100354,73.0,509811.46,882.0,360786.82,3,Central,Retired,FEMALE,Single,10-May-2023,0
101647,55.0,185797.4,723.0,251120.08,4,East,Self-Employed,MALE ,Widowed,08/24/2024,0
101000,64.0,627846.51,478.0,360337.19,3,Central,Unemployed,MALE ,Married,2024-01-01,0
100076,36.0,675481.47,623.0,351853.02,0,East,Retired,M,Single,2023-01-28,0
101946,26.0,91241.13,545.0,534579.16,4,Central,Employed,F,Divorced,11-Dec-2024,0
101788,44.0,350602.93,357.0,76366.42,0,South,Self-Employed,F,Widowed,2024-10-14,0
100680,59.0,942384.54,735.0,410118.18,4,East,Self-Employed,M,Married,2023-09-06,0
101331,58.0,523149.86,830.0,488546.66,0,Central,Unemployed,M,Married,05/01/2024,1
100982,49.0,1150240.78,707.0,187724.98,0,East,Unemployed,female,Married,25-Dec-2023,1
100393,52.0,555548.37,367.0,271752.28,1,North,Unemployed,M,Widowed,24/05/2023,0
100836,64.0,547587.77,318.0,389283.19,2,South,Retired,male,Widowed,2023-11-02,0
100030,43.0,680294.49,423.0,435189.34,2,Central,Retired,Female,Married,11-Jan-2023,0
101106,31.0,584609.52,747.0,399550.05,1,East,Employed,FEMALE,Widowed,08-Feb-2024,0
101611,26.0,966576.14,709.0,305073.48,3,East  ,Retired,female,Married,08/11/2024,0
100715,63.0,515547.16,884.0,410574.43,4,West,Self-Employed,FEMALE,Widowed,09/19/2023,0
100976,23.0,104908.45,657.0,442180.97,1,South,Unemployed,MALE ,Married,2023-12-23,0
101556,69.0,199880.33,432.0,508489.46,0,Central,,Female,Married,2024-07-22,0
100824,53.0,648023.87,719.0,251620.63,1,West,Employed,female,Single,2023-10-28,0
101957,48.0,480938.33,325.0,468179.78,0,West,Retired,Male,Married,15/12/2024,0
101573,64.0,770060.29,676.0,339505.7,2,North,Retired,F,Single,28/07/2024,1
101976,71.0,576649.23,554.0,467788.34,1,South,Employed,Female,Married,2024-12-22,1
100374,68.0,756949.1,320.0,491956.63,3,South,Self-Employed,M,Widowed,17-May-2023,0
101596,55.0,1070595.9,639.0,484711.34,0,West,Employed,Female,Divorced,2024-08-05,0
100044,21.0,1010576.2,418.0,231404.24,0,Central,Retired,female,Single,2023-01-17,0
101694,27.0,474978.99,580.0,466920.67,4,West,Employed,Female,Divorced,10-Sep-2024,0
100168,,972111.06,898.0,483815.66,0,East,Employed,FEMALE,Single,2023-03-03,0
100303,69.0,1034241.41,736.0,395956.62,2,South,Retired,MALE ,Widowed,04/21/2023,0
101965,60.0,944546.21,571.0,270193.35,4,East,Unemployed,M,Married,18/12/2024,0
101613,57.0,402223.42,685.0,424622.1,1,Central,Unemployed,female,Single,12/08/2024,0
101954,73.0,706072.35,413.0,486410.43,0,North,Self-Employed,M,Single,14-Dec-2024,1
100619,25.0,63914.17,601.0,289888.98,3,Central,Employed,FEMALE,Divorced,08/15/2023,0
101435,23.0,720293.29,570.0,352506.58,2,South,Employed,FEMALE,Divorced,06/08/2024,0
100720,25.0,711986.89,817.0,485045.6,0,West,Retired,Female,Divorced,2023-09-20,0
101773,40.0,436765.55,820.0,363794.58,1,North,Self-Employed,Male,Widowed,09/10/2024,0
101319,40.0,824372.08,751.0,535506.56,0,West,Unemployed,F,Widowed,04/26/2024,1
100593,73.0,,464.0,454950.55,4,South,Unemployed,Female,Divorced,05/08/2023,0
101969,26.0,,732.0,430504.68,3,Central,Self-Employed,Male,Married,20/12/2024,0
101292,43.0,787731.1,,306087.93,2,Central,Employed,male,Divorced,2024-04-16,1
101612,56.0,,817.0,374060.03,2,East,Employed,F,Single,2024-08-11,0
101089,-5.0,526785.06,,523089.89,3,Central,Retired,FEMALE,Divorced,02/02/2024,1
100507,32.0,602309.88,354.0,401010.18,0,North,Self-Employed,female,Married,07/05/2023,1
100185,43.0,718161.32,377.0,354353.47,1,Central,Unemployed,Female,Divorced,09/03/2023,0
100651,55.0,731003.13,490.0,356094.38,0,West,Unemployed,MALE ,Divorced,08/26/2023,0
100427,63.0,182195.47,827.0,510421.64,1,Central,Employed,FEMALE,Divorced,06/05/2023,0
100486,37.0,551188.96,385.0,371688.37,1,North,Unemployed,female,Married,27-Jun-2023,1
101220,55.0,532893.58,703.0,642442.26,0,South,Unemployed,MALE ,Divorced,2024-03-21,0
100300,38.0,815520.38,894.0,242711.25,0,East,Employed,male,Divorced,2023-04-20,0
101050,46.0,484924.97,613.0,315418.8,2,East,Self-Employed,FEMALE,Divorced,19-Jan-2024,0
100741,61.0,,787.0,306790.83,3,East,Employed,male,Widowed,28/09/2023,0
100554,74.0,-37419.0,618.0,328220.73,4,West,Self-Employed,Male,Widowed,22-Jul-2023,1
101623,18.0,441684.35,739.0,476367.64,4,East,Employed,FEMALE,Married,08/15/2024,0
101671,50.0,816073.08,522.0,617628.5,3,West,Self-Employed,male,Divorced,09/02/2024,0
101962,26.0,572090.14,689.0,657715.0,4,North,Self-Employed,Male,Married,17-Dec-2024,0
101384,40.0,805400.33,664.0,703388.41,0,East,Employed,male,Single,2024-05-20,0
100998,72.0,771273.47,676.0,455591.22,1,East,Unemployed,M,Single,31-Dec-2023,0
100175,44.0,149613.56,498.0,546198.65,1,West,Unemployed,Male,Widowed,03/05/2023,0
100581,65.0,787797.93,808.0,411239.06,1,North,Unemployed,male,Widowed,01/08/2023,0
101480,26.0,535479.55,513.0,373247.28,1,West,Unemployed,Female,Single,2024-06-24,0
101732,57.0,434504.41,740.0,350778.58,3,West,Employed,female,Widowed,2024-09-24,0
100123,44.0,,350.0,462291.95,3,South,Self-Employed,male,Single,02/14/2023,0
100453,19.0,595693.46,717.0,437544.65,4,South,Self-Employed,female,Married,15/06/2023,0
100411,31.0,722807.85,838.0,180320.14,3,South  ,Unemployed,Female,Married,05/31/2023,0
101006,66.0,1074146.67,787.0,396205.86,4,West,Unemployed,M,Divorced,03-Jan-2024,0
100039,54.0,817519.81,668.0,361654.04,2,South,Unemployed,FEMALE,Divorced,01/15/2023,1
100806,49.0,1076522.94,564.0,242400.42,2,East,Self-Employed,male,Married,22-Oct-2023,0
101923,42.0,445610.4,357.0,152640.05,1,West,Self-Employed,FEMALE,Widowed,12/03/2024,0
100331,39.0,360633.84,756.0,676617.46,4,East,Self-Employed,male,Widowed,05/01/2023,0
101651,19.0,457192.46,581.0,458971.14,3,Central,Self-Employed,Male,Divorced,08/25/2024,0
100194,-5.0,559184.84,623.0,607430.84,1,South,Retired,female,Widowed,12-Mar-2023,0
100535,26.0,981286.68,453.0,322506.29,3,Central,Retired,MALE ,Divorced,07/15/2023,0
101571,38.0,803610.03,761.0,307006.95,3,North,,Male,Married,07/27/2024,0
101738,18.0,605946.74,362.0,320281.46,2,West,Unemployed,MALE ,Single,26-Sep-2024,0
100322,53.0,856049.9,454.0,299327.68,1,North,Self-Employed,Female,Widowed,28-Apr-2023,0
101385,31.0,640687.69,449.0,277856.87,2,Central,Retired,FEMALE,Married,20/05/2024,0
100266,43.0,,624.0,568319.2,1,Central,Employed,Male,Married,08-Apr-2023,0
100670,72.0,893454.77,301.0,336597.55,0,North,Employed,Male,Widowed,02-Sep-2023,0
101450,34.0,491978.54,390.0,157170.21,3,West,Retired,F,Divorced,13-Jun-2024,1
100067,39.0,-100000.0,738.0,574943.25,4,South,Self-Employed,female,Married,01/25/2023,0
101259,63.0,687730.38,444.0,328250.09,3,South,Employed,Male,Divorced,04/04/2024,0
100548,47.0,702572.82,492.0,663932.09,4,South,Employed,F,Widowed,2023-07-20,0
101802,43.0,842474.0,569.0,478108.13,0,Central,Unemployed,female,Married,20-Oct-2024,0
100985,55.0,205900.43,392.0,448436.38,3,North,Self-Employed,FEMALE,Married,26/12/2023,0
101417,42.0,821009.48,606.0,379925.52,2,East,Unemployed,Male,Widowed,01/06/2024,0
101704,70.0,1008994.53,351.0,172765.84,4,West,Retired,Male,Divorced,2024-09-14,0
101431,28.0,488947.94,350.0,306393.78,2,North,Employed,Male,Single,06/06/2024,0
101637,53.0,944738.64,534.0,553963.85,1,West,Self-Employed,female,Married,20/08/2024,0
101816,31.0,916494.41,494.0,448268.71,1,South,Retired,Female,Divorced,2024-10-25,0
100905,58.0,495951.82,747.0,494591.85,2,Central,Retired,male,Widowed,27/11/2023,1
101181,70.0,558905.68,636.0,387565.45,0,East,Unemployed,Male,Divorced,07/03/2024,0
101657,67.0,511993.82,506.0,350031.29,3,Central,Self-Employed,MALE ,Divorced,28/08/2024,0
100990,37.0,349325.85,590.0,659714.31,1,North,Self-Employed,male,Single,28-Dec-2023,1
101516,45.0,641043.81,795.0,493628.97,0,East,Retired,M,Widowed,2024-07-07,1
100892,47.0,300759.49,504.0,157827.81,2,West,Self-Employed,Male,Widowed,2023-11-22,0
100416,73.0,608837.24,772.0,332820.04,4,West,Unemployed,Male,Widowed,2023-06-01,0
101844,60.0,,379.0,480398.92,0,South,Retired,male,Divorced,2024-11-04,0
101553,,596188.89,382.0,452862.91,4,North,Self-Employed,female,Widowed,21/07/2024,0
101602,65.0,767340.16,727.0,390225.76,4,West,Unemployed,male,Single,08-Aug-2024,0
101682,20.0,1248169.18,424.0,327265.0,1,South,Self-Employed,FEMALE,Married,06-Sep-2024,0
100888,18.0,477016.58,476.0,202650.47,1,Central,Unemployed,Male,Divorced,2023-11-21,0
100743,33.0,504759.95,609.0,293656.15,2,West,Retired,male,Divorced,09/29/2023,0
100544,65.0,787032.09,423.0,654064.94,2,South,Retired,Male,Married,2023-07-18,0
101933,72.0,509887.8,,566584.41,1,West,Unemployed,Male,Married,06/12/2024,0
100906,41.0,351408.63,774.0,289366.47,0,North,Unemployed,male,Single,27-Nov-2023,0
100931,57.0,537507.4,548.0,220148.44,4,Central,Unemployed,M,Widowed,12/06/2023,1
100261,27.0,789885.09,,718012.12,0,North,Employed,FEMALE,Divorced,06/04/2023,0
100590,63.0,842883.31,340.0,669134.77,2,East,Unemployed,F,Married,04-Aug-2023,0
100988,32.0,393867.77,880.0,502544.31,0,Central,Employed,female,Divorced,2023-12-27,0
100240,25.0,,589.0,187448.66,4,Central,Retired,F,Single,2023-03-29,0
101474,73.0,792793.52,540.0,491851.74,1,Central,Retired,FEMALE,Single,22-Jun-2024,0
100705,50.0,683780.86,1200.0,285235.58,1,South,Retired,F,Widowed,15/09/2023,0
101662,28.0,639391.55,466.0,386806.14,4,West,Unemployed,Female,Widowed,29-Aug-2024,0
101100,45.0,641915.72,839.0,456411.03,2,West,Employed,MALE ,Married,2024-02-06,0
101052,46.0,769150.74,662.0,464312.17,2,North,Employed,male,Widowed,2024-01-20,0
100365,47.0,869135.9,307.0,713750.36,4,West,Employed,F,Married,14/05/2023,0
101036,69.0,712963.6,388.0,569014.72,1,East,Self-Employed,M,Married,2024-01-14,0
101783,-5.0,747874.01,621.0,429292.31,4,Central,Employed,FEMALE,Married,10/13/2024,0
100599,54.0,359131.55,520.0,440850.01,0,North,Employed,Female,Widowed,08/07/2023,0
101336,54.0,541325.13,892.0,333986.65,2,East,Employed,F,Divorced,2024-05-02,0
100514,72.0,790828.27,737.0,306724.6,0,West,Self-Employed,female,Widowed,07-Jul-2023,0
100591,69.0,852280.33,866.0,175165.71,3,South,Self-Employed,Female,Divorced,08/04/2023,0
100071,28.0,851419.66,309.0,658424.48,0,South,Self-Employed,female,Single,01/26/2023,1
101023,65.0,747681.26,588.0,418875.41,1,South,Unemployed,male,Single,01/09/2024,0
100259,51.0,832178.56,660.0,101624.86,1,Central,Employed,Male,Divorced,04/05/2023,0
100051,29.0,565792.01,658.0,296450.56,0,Central,Self-Employed,M,Married,01/19/2023,1
100198,37.0,434789.58,464.0,378082.9,3,South,Unemployed,male,Married,14-Mar-2023,0
101240,46.0,759413.92,823.0,390952.86,4,West,Employed,MALE ,Single,2024-03-28,0
101386,49.0,699389.07,638.0,478983.59,1,West,Self-Employed,F,Married,21-May-2024,0
100332,35.0,408662.2,485.0,459058.75,0,East,Employed,Male,Single,2023-05-02,0
101378,46.0,407549.9,733.0,504203.28,0,South,Employed,Female,Divorced,18-May-2024,0
101767,44.0,643590.23,696.0,280456.35,2,North,Retired,male,Divorced,10/07/2024,0
101460,63.0,505787.88,555.0,201486.19,1,East,Self-Employed,MALE ,Divorced,2024-06-17,0
100588,65.0,492907.22,647.0,536288.02,4,East,Self-Employed,male,Divorced,2023-08-03,0
100973,45.0,331345.4,820.0,415346.55,2,Central,Retired,FEMALE,Divorced,22/12/2023,0
100585,70.0,504569.66,809.0,428306.64,4,Central,Retired,male,Married,02/08/2023,0
101741,60.0,725564.55,701.0,268733.55,2,West,Self-Employed,Female,Widowed,27/09/2024,1
101037,18.0,298802.11,611.0,293139.27,0,East,Retired,Female,Widowed,14/01/2024,0
101068,37.0,834209.13,434.0,517139.74,0,Central,Retired,M,Single,2024-01-26,0
100426,67.0,765553.12,667.0,379415.99,3,West,Retired,male,Married,05-Jun-2023,1
100576,70.0,623760.46,385.0,356664.12,1,North,Retired,male,Single,2023-07-30,0
101903,32.0,189113.15,432.0,509906.64,0,East,Retired,M,Divorced,11/25/2024,0
101262,43.0,719322.38,503.0,152323.34,3,North,Self-Employed,male,Single,05-Apr-2024,0
101001,59.0,542385.42,777.0,286463.52,1,South,Self-Employed,F,Divorced,01/01/2024,0
101640,59.0,,457.0,625317.27,3,South,Unemployed,Male,Single,2024-08-21,0
101973,37.0,1060665.07,416.0,447094.77,1,East,Self-Employed,M,Single,21/12/2024,0
100478,55.0,722510.1,641.0,573451.19,3,Central,Self-Employed,M,Married,24-Jun-2023,0
100736,59.0,68657.16,598.0,259065.59,2,North,Self-Employed,Female,Married,2023-09-26,0
100398,33.0,744236.95,608.0,94208.42,4,North,Unemployed,male,Divorced,26-May-2023,0
101574,26.0,751932.09,364.0,411247.18,1,Central,Self-Employed,MALE ,Divorced,28-Jul-2024,0
100436,,527086.1,869.0,329133.97,3,Central,Unemployed,F,Widowed,2023-06-09,0
100192,52.0,295578.96,440.0,242082.54,4,Central,Retired,female,Married,2023-03-12,0
101455,21.0,1037472.64,353.0,576352.81,1,West,Unemployed,FEMALE,Married,06/15/2024,0
100849,52.0,816088.42,775.0,-66573.21,2,East,Retired,Male,Widowed,07/11/2023,1
100292,72.0,529441.88,755.0,584398.74,4,North,Unemployed,FEMALE,Widowed,2023-04-17,0
100949,33.0,495987.74,466.0,179913.7,1,Central,Retired,FEMALE,Widowed,13/12/2023,0
101481,18.0,842241.47,594.0,393981.39,2,South,Retired,Male,Divorced,24/06/2024,0
101656,66.0,702865.04,304.0,443325.75,2,East,Unemployed,male,Widowed,2024-08-27,0
101975,20.0,656112.18,488.0,420663.05,1,South,Unemployed,MALE ,Widowed,12/22/2024,0
100653,63.0,794350.64,507.0,530305.4,3,West,Unemployed,MALE ,Single,27/08/2023,0
100141,30.0,975891.27,705.0,344408.04,0,West,Retired,M,Married,21/02/2023,0
100745,38.0,810247.68,451.0,174936.94,3,Central  ,Retired,male,Single,30/09/2023,0
100002,55.0,658652.97,730.0,585557.58,2,North,Retired,female,Divorced,01-Jan-2023,0
100765,62.0,596406.22,772.0,347711.96,3,North,Unemployed,female,Single,07/10/2023,0
101977,37.0,616974.7,,355877.13,2,East,Unemployed,F,Married,22/12/2024,0
101175,37.0,,570.0,370021.89,2,Central,Retired,M,Married,03/05/2024,0
100339,72.0,400895.34,856.0,19118.81,4,East,Unemployed,F,Divorced,05/04/2023,0
101461,35.0,645790.82,,400743.5,0,South,Self-Employed,male,Single,17/06/2024,0
100408,71.0,741133.62,730.0,370055.23,1,Central,,male,Divorced,2023-05-29,0
101286,69.0,54683.16,478.0,455071.66,0,Central,Employed,MALE ,Married,14-Apr-2024,0
100265,,353967.92,413.0,533155.94,3,West,Unemployed,M,Single,07/04/2023,0
100376,59.0,518321.15,473.0,257847.05,4,Central,Unemployed,Male,Married,2023-05-18,0
100701,53.0,720488.97,711.0,397152.61,1,East,Retired,female,Widowed,13/09/2023,0
100993,42.0,691080.16,309.0,299759.5,3,Central,,Male,Married,29/12/2023,0
100439,40.0,713976.71,322.0,446880.99,3,East,Retired,Male,Widowed,06/10/2023,1
100271,19.0,804547.68,891.0,380038.53,2,South,Self-Employed,M,Widowed,04/09/2023,0
100184,46.0,890664.39,451.0,551509.55,2,Central,Employed,Male,Divorced,2023-03-09,0
101244,67.0,894896.34,833.0,492476.16,2,West,Unemployed,female,Widowed,2024-03-30,0
100244,53.0,,811.0,459928.71,0,North,Unemployed,M,Married,2023-03-31,1
100613,39.0,947405.5,793.0,643538.08,3,North,Self-Employed,F,Widowed,12/08/2023,0
101117,51.0,905601.81,352.0,405161.12,1,West,Self-Employed,Male,Widowed,12/02/2024,0
100445,55.0,258017.4,485.0,491650.29,4,West,Unemployed,M,Single,12/06/2023,0
100607,47.0,286600.18,475.0,277138.8,4,North,Self-Employed,male,Single,08/10/2023,0
100874,,,776.0,682131.45,1,North,Unemployed,F,Single,16-Nov-2023,0
101739,29.0,750077.48,524.0,684307.54,3,Central,Self-Employed,FEMALE,Widowed,09/27/2024,0
101763,52.0,357597.5,611.0,434030.95,2,East,,MALE ,Divorced,10/05/2024,0
101290,31.0,711670.79,337.0,318763.62,3,West,Employed,FEMALE,Married,16-Apr-2024,0
100693,71.0,1246737.95,819.0,220089.73,2,West,Employed,male,Divorced,11/09/2023,0
100415,56.0,570640.36,851.0,345608.36,4,Central,Self-Employed,FEMALE,Widowed,06/01/2023,0
100273,72.0,969245.21,703.0,606974.85,1,North,Retired,MALE ,Divorced,10/04/2023,0
100744,63.0,,521.0,207527.83,0,West,Self-Employed,Male,Married,2023-09-29,0
101971,70.0,549686.27,433.0,376967.45,3,East,Employed,female,Widowed,12/20/2024,0
101475,35.0,407095.31,708.0,543776.69,2,South,Unemployed,female,Single,06/22/2024,0
100250,28.0,,765.0,486443.38,2,East,Unemployed,Male,Widowed,02-Apr-2023,0
100413,25.0,,637.0,287395.31,4,South,Retired,F,Widowed,31/05/2023,0
100628,46.0,763134.6,497.0,384612.11,2,North,Retired,M,Divorced,2023-08-18,0
101419,45.0,247798.32,354.0,420643.69,3,West,Unemployed,male,Single,06/02/2024,0
101237,,920214.05,421.0,300107.14,0,West,Self-Employed,MALE ,Divorced,27/03/2024,0
100310,55.0,1055017.58,474.0,472357.94,4,Central,Retired,Male,Widowed,24-Apr-2023,0
100582,24.0,748877.28,859.0,555888.04,1,North,Employed,female,Divorced,01-Aug-2023,1
100381,71.0,878982.58,784.0,417470.26,3,West,Self-Employed,Male,Single,20/05/2023,0
101841,23.0,719583.23,656.0,322330.0,2,West,Unemployed,male,Single,03/11/2024,0
100425,29.0,514360.54,781.0,373125.1,3,North,Self-Employed,M,Married,05/06/2023,0
101904,36.0,480622.11,380.0,544324.68,4,North,Self-Employed,M,Married,2024-11-26,0
101837,35.0,436118.39,728.0,310120.34,2,North,Employed,Male,Widowed,01/11/2024,0
101170,53.0,861576.02,604.0,401586.28,0,East,Employed,female,Widowed,03-Mar-2024,1
101374,68.0,602482.08,705.0,513855.57,4,West,Unemployed,Male,Single,16-May-2024,0
100707,50.0,593145.15,563.0,364562.56,4,South,Retired,female,Widowed,09/16/2023,0
101599,58.0,700336.21,474.0,455648.23,4,North,Self-Employed,male,Widowed,08/06/2024,0
101486,27.0,443103.94,785.0,550958.57,3,East,Unemployed,F,Widowed,26-Jun-2024,1
100926,48.0,110994.24,504.0,723020.19,0,South,Retired,Female,Single,05-Dec-2023,0
101616,63.0,734952.14,342.0,313120.75,3,West,Employed,FEMALE,Single,2024-08-13,0
100182,,907548.85,465.0,512027.02,2,South,Unemployed,Male,Married,08-Mar-2023,0
100170,24.0,659306.96,690.0,303582.46,3,North,Retired,MALE ,Married,04-Mar-2023,0
100572,34.0,1029092.16,883.0,413694.07,1,North,Self-Employed,M,Widowed,2023-07-28,0
101251,41.0,487684.27,,485530.14,0,East,Unemployed,F,Widowed,04/01/2024,0
101906,34.0,176238.54,337.0,485456.18,1,Central,Retired,FEMALE,Single,27-Nov-2024,0
100782,24.0,873213.95,706.0,437065.38,4,North,Unemployed,FEMALE,Married,13-Oct-2023,0
101381,34.0,1025507.31,779.0,273927.23,1,East,Employed,Male,Married,19/05/2024,0
101730,62.0,686407.58,557.0,404238.31,4,Central,Employed,M,Single,23-Sep-2024,0
100272,26.0,1037970.03,695.0,381987.21,4,East  ,Retired,M,Married,2023-04-10,1
101572,59.0,807809.58,550.0,338904.0,1,Central,Employed,M,Widowed,2024-07-28,0
100704,25.0,250486.91,863.0,391182.6,4,East,Self-Employed,female,Single,2023-09-15,0
101561,32.0,920587.98,534.0,288629.57,1,East,Self-Employed,Female,Married,24/07/2024,0
100371,55.0,1327686.38,464.0,436892.1,2,Central,Self-Employed,Male,Divorced,05/16/2023,0
100222,58.0,614753.03,320.0,366164.95,2,West,Unemployed,Female,Married,23-Mar-2023,1
101808,23.0,1308685.19,778.0,458220.54,2,East,Employed,female,Married,2024-10-22,0
100944,25.0,777455.18,557.0,433908.94,3,East,Retired,MALE ,Divorced,2023-12-11,0
100792,59.0,667604.78,,341749.91,0,South,Retired,female,Married,2023-10-17,0
100518,45.0,447628.42,442.0,457253.58,2,South,Unemployed,FEMALE,Single,09-Jul-2023,1
100334,44.0,128899.46,787.0,514927.6,2,South,Retired,female,Divorced,02-May-2023,1
101309,66.0,330477.91,528.0,613949.05,1,East,Unemployed,FEMALE,Married,23/04/2024,0
101684,38.0,175546.38,393.0,460347.31,2,West,Unemployed,FEMALE,Divorced,2024-09-06,0
101423,56.0,159788.6,450.0,699211.96,3,South,Self-Employed,Male,Single,06/03/2024,1
101403,36.0,374834.68,453.0,299762.41,2,West,Unemployed,male,Divorced,05/27/2024,1
100015,62.0,707370.43,758.0,547486.0,3,Central,Self-Employed,male,Single,01/06/2023,1
101659,32.0,988268.39,869.0,601327.34,3,Central,Self-Employed,MALE ,Widowed,08/28/2024,0
101992,34.0,1137735.87,408.0,162367.55,1,West,Unemployed,M,Widowed,2024-12-28,0
101562,32.0,514504.15,894.0,411124.93,1,South,Self-Employed,female,Single,24-Jul-2024,0
101710,37.0,777164.89,607.0,516569.27,1,Central,Unemployed,female,Single,16-Sep-2024,0
100617,33.0,620158.45,362.0,211452.45,0,West,Unemployed,male,Divorced,14/08/2023,0
100921,50.0,259699.27,789.0,476256.3,4,South,Unemployed,MALE ,Widowed,03/12/2023,0
100465,73.0,432951.64,758.0,436716.44,3,Central,Retired,MALE ,Divorced,19/06/2023,0
101265,20.0,328273.14,377.0,249921.15,4,Central,Employed,Male,Widowed,06/04/2024,1
100199,72.0,1264356.02,732.0,918106.96,0,North,Self-Employed,F,Single,03/14/2023,1
101223,55.0,831524.59,510.0,295205.14,1,South,Employed,Female,Married,03/22/2024,0
101465,24.0,395421.12,502.0,404612.88,0,West,Retired,Male,Divorced,18/06/2024,0
101537,24.0,954431.3,406.0,252151.57,2,East,Unemployed,male,Divorced,15/07/2024,0
101318,43.0,740752.31,442.0,478479.92,4,South,Retired,FEMALE,Widowed,26-Apr-2024,0
101711,44.0,206646.37,385.0,490165.59,3,North,Employed,M,Divorced,09/16/2024,1
101986,65.0,20976.2,,488687.94,1,East,,Male,Single,26-Dec-2024,0
101420,72.0,817138.84,367.0,688544.08,0,North,Self-Employed,male,Married,2024-06-02,0
101433,50.0,,606.0,534604.22,3,Central,Self-Employed,female,Single,07/06/2024,0
101118,59.0,844268.24,457.0,242735.85,3,West,Employed,M,Divorced,13-Feb-2024,1
101593,19.0,739739.11,672.0,226812.16,3,North,Retired,Male,Widowed,04/08/2024,0
100043,38.0,341296.73,670.0,306698.87,4,West,Self-Employed,male,Married,01/16/2023,0
100274,41.0,399677.14,404.0,581428.11,1,North,Self-Employed,Male,Divorced,11-Apr-2023,0
101113,34.0,751815.97,496.0,397322.7,4,Central,Retired,male,Widowed,11/02/2024,0
100101,29.0,,489.0,183482.98,1,West,Self-Employed,FEMALE,Single,06/02/2023,1
100886,21.0,818028.58,403.0,592576.77,0,West,,female,Single,20-Nov-2023,0
101838,30.0,677175.54,367.0,358252.37,0,Central,Unemployed,FEMALE,Widowed,02-Nov-2024,0
101588,67.0,554990.48,681.0,292137.18,4,East,Self-Employed,MALE ,Single,2024-08-02,0
100107,55.0,421780.5,628.0,409152.23,0,West,Retired,MALE ,Married,02/09/2023,0
101075,27.0,1129111.22,484.0,323433.87,0,North,Employed,M,Widowed,01/28/2024,0
100497,39.0,897138.31,356.0,255629.11,2,West,Unemployed,female,Single,01/07/2023,0
101198,63.0,961802.86,583.0,372688.16,2,West,Self-Employed,female,Widowed,13-Mar-2024,0
101128,49.0,846172.18,443.0,328275.26,0,Central,Employed,Male,Single,2024-02-16,1
101179,19.0,414330.02,701.0,186605.7,3,East,Employed,Female,Widowed,03/06/2024,0
100654,49.0,661639.37,465.0,346050.75,2,West,,Male,Single,27-Aug-2023,0
101447,72.0,927492.41,856.0,359873.12,2,Central,Retired,Female,Single,06/12/2024,0
101315,35.0,926235.12,355.0,213789.64,0,Central,Employed,female,Single,04/25/2024,0
101672,33.0,503702.89,805.0,515647.24,0,West,Unemployed,FEMALE,Widowed,2024-09-02,0
100964,72.0,,809.0,517759.14,3,West,Retired,FEMALE,Divorced,2023-12-19,0
100072,44.0,819350.34,618.0,425643.3,2,West,Retired,male,Divorced,2023-01-27,1
100767,45.0,520872.31,334.0,482759.24,4,West,Unemployed,female,Married,10/08/2023,0
101231,59.0,596212.71,478.0,256525.63,1,North,Self-Employed,Male,Widowed,03/25/2024,0
101586,64.0,128742.93,781.0,365848.36,3,North,Unemployed,female,Single,02-Aug-2024,1
101914,-5.0,873449.69,731.0,516943.15,2,East,Unemployed,MALE ,Single,29-Nov-2024,0
100481,65.0,573358.59,791.0,295648.13,0,South,Employed,female,Single,25/06/2023,0
101083,49.0,841716.82,792.0,6374.98,3,Central,Self-Employed,male,Single,01/31/2024,0
100506,48.0,84896.31,322.0,610054.89,2,North,Employed,Male,Single,04-Jul-2023,0
100755,42.0,484324.65,,385916.23,3,North,Unemployed,MALE ,Single,10/03/2023,1
100785,51.0,485907.28,827.0,241351.78,2,South,Self-Employed,F,Married,14/10/2023,0
100211,58.0,741552.4,482.0,274171.58,4,East,Unemployed,Female,Widowed,03/19/2023,0
101939,29.0,935647.31,623.0,345671.33,0,Central,Retired,F,Married,12/09/2024,0
100674,,,820.0,-21852.05,3,North,Unemployed,MALE ,Single,04-Sep-2023,0
101622,70.0,,524.0,284020.73,4,East,Unemployed,female,Married,15-Aug-2024,0
100311,56.0,740924.54,417.0,124523.47,3,East,Employed,MALE ,Married,04/24/2023,0
101755,36.0,216347.13,819.0,340445.38,2,West,Unemployed,male,Widowed,10/02/2024,0
100405,46.0,751213.77,470.0,61723.67,4,North,Retired,female,Widowed,28/05/2023,0
101116,74.0,689612.01,581.0,410930.24,3,West,Employed,M,Divorced,2024-02-12,0
101160,51.0,519056.81,644.0,556353.3,3,West,Self-Employed,F,Widowed,2024-02-28,0
100309,24.0,500062.64,472.0,334985.95,2,Central,Self-Employed,M,Married,23/04/2023,1
100226,64.0,837530.45,388.0,385881.84,4,South,Self-Employed,MALE ,Widowed,24-Mar-2023,0
101723,59.0,330125.8,486.0,385675.29,3,Central,Employed,F,Widowed,09/21/2024,1
101005,70.0,676172.51,655.0,453171.84,4,Central,Self-Employed,female,Widowed,03/01/2024,0
101551,66.0,788810.02,640.0,318314.39,1,West,Employed,male,Married,07/20/2024,0
101849,27.0,284385.65,537.0,404222.49,2,East,Employed,MALE ,Widowed,06/11/2024,1
100845,18.0,718450.96,841.0,401786.65,0,Central,Employed,male,Single,05/11/2023,0
100148,64.0,669747.18,314.0,741480.8,1,North,Self-Employed,male,Widowed,2023-02-24,0
100637,34.0,571911.14,497.0,514141.83,2,East,Retired,Female,Divorced,21/08/2023,0
100727,22.0,337735.01,715.0,281949.7,3,East,Employed,male,Single,09/23/2023,1
101132,63.0,1035873.21,458.0,585827.48,2,Central,Unemployed,M,Married,2024-02-18,0
100832,43.0,539246.96,787.0,364446.42,0,East,Retired,FEMALE,Divorced,2023-10-31,0
101198,63.0,961802.86,583.0,372688.16,2,West,Self-Employed,female,Widowed,13-Mar-2024,0
100575,39.0,709238.85,724.0,376058.1,4,East,Employed,FEMALE,Single,07/29/2023,0
100557,67.0,543884.32,669.0,324967.77,0,Central,Self-Employed,female,Divorced,23/07/2023,0
100710,56.0,741131.26,827.0,464026.07,3,South,Unemployed,male,Single,17-Sep-2023,0
101278,18.0,,,538846.69,1,West,Unemployed,MALE ,Married,11-Apr-2024,0
101375,72.0,136309.67,810.0,599480.99,2,North,Unemployed,FEMALE,Married,05/17/2024,0
101178,32.0,476434.06,541.0,425686.12,3,South,Self-Employed,Male,Married,06-Mar-2024,0
101506,70.0,796042.27,855.0,594392.9,1,South,Retired,Male,Widowed,03-Jul-2024,1
101389,69.0,687520.28,754.0,459846.95,3,West,Employed,F,Married,22/05/2024,0
100286,27.0,725492.69,718.0,299743.8,1,Central,Employed,F,Married,15-Apr-2023,0
101627,51.0,,441.0,429389.81,3,Central,Self-Employed,FEMALE,Single,08/17/2024,0
100752,22.0,315404.4,898.0,381845.74,0,North,Self-Employed,MALE ,Divorced,2023-10-02,1
100598,53.0,-100000.0,570.0,558675.22,3,East,Unemployed,Male,Married,07-Aug-2023,1
100950,23.0,906337.01,611.0,234679.45,0,Central,,female,Married,13-Dec-2023,1
101007,46.0,314910.95,392.0,526630.18,4,West,Self-Employed,F,Single,01/03/2024,0
101660,53.0,1016550.7,632.0,494925.87,4,West,Retired,Female,Single,2024-08-29,0
101610,62.0,409056.2,514.0,484079.24,1,North,Self-Employed,male,Divorced,10-Aug-2024,0
101054,22.0,452503.41,345.0,348511.64,2,North,Unemployed,M,Single,20-Jan-2024,0
101247,44.0,433395.97,827.0,243278.67,3,South,Employed,F,Divorced,03/31/2024,0
101677,41.0,1011764.67,371.0,470902.46,2,East,Self-Employed,Male,Married,04/09/2024,0
100922,43.0,785714.56,438.0,269443.95,4,East,Retired,MALE ,Married,03-Dec-2023,1
101302,57.0,536129.69,656.0,558243.41,0,East,Retired,FEMALE,Married,20-Apr-2024,0
101221,49.0,1152731.53,753.0,426518.15,1,East,Self-Employed,Female,Single,21/03/2024,0
100782,24.0,873213.95,706.0,437065.38,4,North,Unemployed,FEMALE,Married,13-Oct-2023,0
100609,66.0,657355.89,612.0,298369.0,1,South,Unemployed,Male,Single,11/08/2023,0
101058,42.0,282046.91,475.0,361307.19,0,South,Unemployed,MALE ,Divorced,22-Jan-2024,0
100812,57.0,1015588.82,756.0,667742.22,3,East,Unemployed,Female,Divorced,2023-10-24,0
101442,71.0,516071.28,588.0,629129.81,3,East,Retired,female,Single,10-Jun-2024,0
101120,18.0,533005.92,585.0,253542.22,0,North,Retired,F,Single,2024-02-14,0
100493,52.0,890740.14,320.0,527180.99,4,Central,Unemployed,Male,Widowed,30/06/2023,0
101338,62.0,526694.54,623.0,171121.45,2,Central,Self-Employed,M,Widowed,03-May-2024,0
100277,62.0,911218.2,890.0,342033.14,0,North,Retired,FEMALE,Divorced,12/04/2023,1
101875,24.0,795098.99,613.0,359645.43,1,Central,Retired,MALE ,Widowed,11/15/2024,0
100358,23.0,,704.0,333494.52,3,West,Retired,Female,Widowed,11-May-2023,0
101569,74.0,433664.29,804.0,401854.17,2,West,Unemployed,M,Widowed,26/07/2024,0
100236,55.0,624400.82,784.0,85014.7,2,East,Unemployed,MALE ,Divorced,2023-03-28,0
100551,-5.0,571206.4,,254527.29,1,East,Employed,MALE ,Widowed,07/21/2023,0
101896,50.0,1414882.81,425.0,394801.55,2,Central,Employed,M,Widowed,2024-11-23,0
100915,44.0,535797.5,813.0,303437.89,4,West,Self-Employed,Female,Single,12/01/2023,0
100208,33.0,249948.54,323.0,340612.31,3,East,Self-Employed,Female,Divorced,2023-03-17,0
101406,37.0,1048228.02,875.0,475631.13,3,West,Self-Employed,Female,Single,28-May-2024,0
101583,41.0,230222.39,462.0,188506.98,0,West,,F,Single,08/01/2024,0
100058,60.0,558890.44,491.0,437980.68,2,West,Retired,Male,Married,22-Jan-2023,0
100631,36.0,1044442.05,319.0,465651.0,0,East,Unemployed,FEMALE,Widowed,08/19/2023,0
101607,51.0,631695.42,777.0,249234.04,3,West,Retired,Male,Married,08/09/2024,1
101888,21.0,1043844.16,880.0,233586.85,4,Central,Unemployed,male,Single,2024-11-20,0
101600,35.0,759879.04,347.0,490352.93,3,West,Retired,female,Widowed,2024-08-07,0
100363,68.0,180502.81,512.0,400040.52,0,South,Retired,Female,Married,05/13/2023,0
100505,43.0,646646.05,552.0,402899.11,1,East,Employed,female,Widowed,04/07/2023,0
101980,,755616.86,,806582.02,1,North,Unemployed,FEMALE,Married,2024-12-24,0
101138,60.0,521984.65,564.0,252392.72,1,East,Employed,Male,Divorced,20-Feb-2024,0
101626,50.0,828249.36,609.0,381350.08,4,West,Retired,Female,Married,16-Aug-2024,0
101233,60.0,515116.2,426.0,371687.69,3,East,Unemployed,Male,Married,26/03/2024,0
101645,34.0,499255.42,562.0,517470.48,4,Central  ,Retired,F,Single,23/08/2024,1
101889,43.0,634745.66,691.0,431296.29,4,East,,FEMALE,Widowed,20/11/2024,0
100943,45.0,454891.64,597.0,347684.1,4,South,Unemployed,MALE ,Married,12/11/2023,0
100118,31.0,547916.71,,436740.88,1,West,Retired,female,Divorced,13-Feb-2023,0
101821,61.0,505825.38,,689105.46,4,South,Retired,Female,Widowed,26/10/2024,0
100781,54.0,527063.15,617.0,346508.28,0,East,Employed,M,Single,13/10/2023,0
100522,28.0,694685.24,522.0,547926.11,4,North,Self-Employed,Male,Married,10-Jul-2023,0
100513,64.0,762494.59,732.0,770379.41,4,South,,Male,Widowed,07/07/2023,0
100081,42.0,411093.71,844.0,168627.31,1,Central,Self-Employed,M,Married,30/01/2023,0
101890,28.0,681541.3,523.0,430347.73,4,North,Self-Employed,female,Single,21-Nov-2024,0
101033,35.0,537012.26,631.0,306970.23,0,Central,Employed,male,Widowed,13/01/2024,0
100380,18.0,466928.65,772.0,175650.96,1,South,,Male,Married,2023-05-19,0
101043,39.0,,598.0,462924.59,4,West,Employed,female,Married,01/16/2024,0
101713,59.0,958215.94,697.0,374121.7,2,South,Employed,male,Widowed,17/09/2024,0
100084,53.0,598982.85,304.0,303426.4,4,Central,Retired,MALE ,Single,2023-01-31,0
101702,56.0,486064.13,646.0,569437.13,0,North,Retired,male,Widowed,13-Sep-2024,0
100987,36.0,703825.66,802.0,558491.48,4,North,Unemployed,Male,Married,12/27/2023,0
100329,49.0,256095.17,859.0,237593.98,1,West,Employed,F,Widowed,01/05/2023,1
100006,22.0,804203.55,480.0,391681.99,4,North,Unemployed,Male,Divorced,03-Jan-2023,0
100759,59.0,414867.45,479.0,326522.17,2,Central,Unemployed,M,Married,10/05/2023,0
100772,18.0,677837.61,599.0,312471.49,0,Central,Employed,M,Married,2023-10-09,0
100932,32.0,381066.01,881.0,243831.53,1,East,Self-Employed,male,Single,2023-12-07,1
101843,66.0,,893.0,665362.5,4,East,Employed,Female,Widowed,11/04/2024,0
100451,70.0,892784.75,347.0,261525.23,0,South,Retired,male,Single,06/14/2023,0
100490,71.0,672685.64,681.0,479324.12,2,East,Self-Employed,Male,Widowed,28-Jun-2023,0
101503,36.0,534743.43,876.0,293839.18,0,South,Unemployed,male,Married,07/02/2024,0
100287,50.0,468652.12,302.0,535737.78,2,North,Retired,F,Single,04/15/2023,0
101853,-5.0,264816.38,377.0,458804.56,4,West,Unemployed,female,Widowed,07/11/2024,0
100276,44.0,517255.87,635.0,657866.36,0,West,Employed,Male,Widowed,2023-04-11,0
101387,36.0,353703.85,725.0,483819.68,1,South,Retired,FEMALE,Divorced,05/21/2024,0
100807,24.0,,304.0,137722.3,0,North,Retired,M,Widowed,10/22/2023,0
101359,38.0,95131.44,811.0,278572.38,1,West,Self-Employed,Female,Divorced,05/11/2024,0
100962,65.0,833106.95,849.0,715936.04,3,Central,Unemployed,Female,Widowed,18-Dec-2023,0
101726,72.0,558570.8,823.0,302986.16,4,Central,Self-Employed,Male,Married,22-Sep-2024,0
100813,34.0,852298.68,412.0,308672.36,3,Central,Retired,M,Married,24/10/2023,0
101483,24.0,516228.21,,306005.27,0,West,Unemployed,M,Divorced,06/25/2024,1
100938,44.0,359772.01,881.0,318802.85,4,West,Employed,FEMALE,Single,09-Dec-2023,0
101103,26.0,564461.78,534.0,605858.12,0,East,Self-Employed,female,Widowed,02/07/2024,0
101674,58.0,628023.38,398.0,383918.32,2,Central,Self-Employed,female,Single,03-Sep-2024,0
100327,20.0,714410.11,392.0,372383.06,3,West,Self-Employed,female,Single,04/30/2023,0
100442,25.0,778299.95,352.0,508341.12,0,North,Self-Employed,female,Single,11-Jun-2023,0
101477,40.0,854835.77,790.0,218383.96,0,South,Unemployed,Female,Married,23/06/2024,0
101094,36.0,1080589.99,675.0,506957.13,3,Central,Self-Employed,FEMALE,Widowed,04-Feb-2024,0
100942,70.0,758864.58,745.0,466203.8,2,North,Self-Employed,FEMALE,Single,11-Dec-2023,0
101432,27.0,,746.0,411368.73,1,West,Retired,female,Widowed,2024-06-06,0
100177,27.0,653631.97,572.0,289963.55,2,West,Unemployed,male,Single,06/03/2023,0
101340,48.0,653343.95,348.0,250778.91,4,North,Retired,FEMALE,Divorced,2024-05-04,0
101364,49.0,261873.13,546.0,420192.92,1,North,Retired,M,Divorced,2024-05-13,0
100086,23.0,1261282.54,352.0,374660.63,4,Central,Employed,Female,Divorced,01-Feb-2023,0
101428,33.0,360040.18,647.0,512530.17,4,North,Self-Employed,male,Married,2024-06-05,0
101929,72.0,894710.34,408.0,767170.41,1,West,Self-Employed,FEMALE,Married,05/12/2024,0
100457,54.0,695328.55,586.0,210010.56,0,West,Self-Employed,female,Widowed,16/06/2023,0
101856,39.0,392199.48,894.0,283658.58,1,North,,Male,Widowed,2024-11-08,0
100054,46.0,729011.97,383.0,551749.06,2,West,Retired,FEMALE,Widowed,20-Jan-2023,0
101524,52.0,474558.26,594.0,521016.97,0,Central,Employed,Female,Married,2024-07-10,0
100643,45.0,722054.77,,470142.22,4,Central,Employed,Female,Widowed,08/23/2023,0
100677,22.0,276973.54,397.0,488632.31,3,East,Retired,male,Married,05/09/2023,0
100221,43.0,803241.35,683.0,198179.34,2,Central,Unemployed,male,Widowed,22/03/2023,0
100113,44.0,710938.12,849.0,456359.54,0,West,Self-Employed,M,Widowed,11/02/2023,0
101973,37.0,1060665.07,416.0,447094.77,1,East,Self-Employed,M,Single,21/12/2024,0
101245,74.0,972921.62,,399764.2,2,East,Employed,M,Divorced,30/03/2024,0
101894,25.0,808217.08,331.0,538956.51,1,North,Self-Employed,M,Divorced,22-Nov-2024,0
100174,57.0,70097.32,781.0,569041.47,2,North,Employed,Female,Widowed,05-Mar-2023,0
101146,48.0,,667.0,184564.09,2,North,Employed,FEMALE,Divorced,23-Feb-2024,1
100589,66.0,467847.38,433.0,443520.0,2,South,Self-Employed,male,Single,04/08/2023,0
101582,47.0,774947.03,471.0,375943.5,4,North,Retired,male,Single,31-Jul-2024,0
100018,65.0,807995.37,533.0,596428.85,0,Central,Self-Employed,Male,Single,07-Jan-2023,0
100423,,482021.99,507.0,545311.08,4,West,Unemployed,Male,Divorced,06/04/2023,1
101361,21.0,692368.47,799.0,578732.62,3,North,Self-Employed,female,Married,12/05/2024,0
100285,71.0,450772.25,518.0,692520.85,1,South,Employed,F,Single,15/04/2023,0
101606,26.0,695728.68,756.0,450623.97,3,South,Retired,F,Single,09-Aug-2024,0
100428,19.0,1115579.39,481.0,166793.49,2,South,Employed,female,Widowed,2023-06-06,0
101532,71.0,957968.78,463.0,440377.87,4,West,Employed,Female,Single,2024-07-13,0
100764,38.0,642291.87,338.0,463328.0,4,North,Employed,F,Widowed,2023-10-06,0
100669,25.0,208694.92,564.0,698648.03,3,North,Employed,M,Divorced,02/09/2023,0
100031,30.0,682691.05,831.0,655118.91,2,South,Employed,MALE ,Widowed,01/12/2023,0
101860,60.0,1131124.01,501.0,505155.4,4,East,Employed,M,Single,2024-11-10,0
100722,66.0,868264.15,810.0,778106.3,1,West,Employed,male,Divorced,21-Sep-2023,0
101683,63.0,385653.31,301.0,584322.25,1,North,Unemployed,FEMALE,Divorced,09/06/2024,0
100214,60.0,863671.43,579.0,454179.68,4,West,Employed,M,Divorced,20-Mar-2023,0
100829,19.0,568173.64,792.0,2466.47,2,North,Employed,male,Widowed,30/10/2023,1
101263,64.0,771270.44,426.0,364757.39,3,East,Employed,MALE ,Divorced,04/06/2024,1
100326,31.0,117700.53,639.0,573695.36,1,Central,Self-Employed,Female,Widowed,30-Apr-2023,0
100560,,607402.89,591.0,203849.97,4,North,Retired,Male,Widowed,2023-07-24,0
101304,52.0,377388.19,522.0,886188.86,4,North,,Female,Widowed,2024-04-21,0
100700,47.0,650499.84,637.0,532138.52,3,East,Unemployed,male,Divorced,2023-09-13,0
101163,48.0,674500.48,519.0,277518.46,4,West,Self-Employed,M,Married,02/29/2024,0
101206,47.0,345849.07,457.0,400322.36,1,West,Employed,Female,Divorced,16-Mar-2024,0
100341,34.0,-44498.57,550.0,330438.26,4,North,Employed,male,Married,05/05/2023,0
100629,38.0,730212.41,535.0,646324.25,4,West,Retired,FEMALE,Widowed,18/08/2023,0
100147,31.0,675507.82,412.0,513196.54,0,North,Employed,male,Married,02/23/2023,0
101289,53.0,,332.0,162031.5,2,North,,M,Widowed,15/04/2024,0
100360,66.0,,811.0,291645.95,1,North,Unemployed,male,Widowed,2023-05-12,0
100083,65.0,339561.12,,255289.23,1,South,Self-Employed,MALE ,Single,01/31/2023,0
100048,56.0,394738.71,602.0,442516.22,4,East,Self-Employed,M,Married,2023-01-18,1
100468,28.0,629137.8,495.0,614250.75,3,West,Retired,male,Single,2023-06-20,0
100155,55.0,462546.67,726.0,522656.74,1,East,Employed,FEMALE,Married,02/26/2023,0
100787,57.0,924797.89,854.0,351006.5,1,East,Self-Employed,MALE ,Single,10/15/2023,0
101635,48.0,628041.08,520.0,328826.32,3,Central,Retired,FEMALE,Married,08/20/2024,0
101785,31.0,245232.04,797.0,318482.45,0,Central,Retired,F,Single,13/10/2024,1
101422,51.0,638751.2,422.0,443756.65,2,North,Self-Employed,F,Widowed,03-Jun-2024,0
101404,28.0,590390.91,,222032.8,3,Central,Employed,female,Single,2024-05-27,0
101653,51.0,478860.99,316.0,448043.75,3,North,Unemployed,FEMALE,Divorced,26/08/2024,0
100500,24.0,309935.41,803.0,394425.88,4,Central,Self-Employed,male,Divorced,2023-07-02,1
101790,51.0,732885.42,691.0,605611.68,3,West,Retired,Female,Single,15-Oct-2024,0
100179,46.0,768271.8,414.0,509895.93,2,South,Employed,M,Single,03/07/2023,0
101061,57.0,701352.63,787.0,464272.44,0,Central,Unemployed,Female,Married,23/01/2024,0
101781,37.0,608306.07,636.0,876979.67,0,Central,Employed,Male,Married,12/10/2024,0
100914,51.0,1005526.59,874.0,180116.28,0,South,Self-Employed,MALE ,Widowed,30-Nov-2023,0
100047,,388739.07,429.0,263790.64,1,South,Unemployed,F,Widowed,01/18/2023,0
101173,28.0,626258.67,466.0,487822.93,1,North,Self-Employed,M,Widowed,04/03/2024,0
101642,43.0,317280.69,527.0,317196.06,1,South,Retired,Male,Divorced,22-Aug-2024,0
100528,70.0,374002.84,379.0,444689.98,3,South,Employed,FEMALE,Married,2023-07-12,0
100346,74.0,750988.51,426.0,380440.86,4,Central,Unemployed,MALE ,Married,07-May-2023,0
101407,67.0,561325.67,777.0,395525.34,3,East,Self-Employed,male,Single,05/28/2024,0
101990,48.0,678449.89,533.0,363381.58,3,West,Retired,Female,Single,27-Dec-2024,1
100936,27.0,617493.48,666.0,478449.3,4,West,Unemployed,Male,Single,2023-12-08,0
101575,36.0,569864.91,623.0,613831.21,2,South,Employed,FEMALE,Widowed,07/29/2024,1
101029,37.0,725959.36,811.0,187973.71,1,East,Self-Employed,female,Widowed,11/01/2024,0
100601,62.0,832428.92,510.0,254980.97,4,West,Self-Employed,female,Married,08/08/2023,0
101063,58.0,977061.65,816.0,161402.55,2,South,Unemployed,Male,Married,01/24/2024,0
100243,55.0,871689.76,342.0,457650.09,1,East,Self-Employed,FEMALE,Divorced,03/30/2023,0
101452,20.0,68225.05,586.0,443096.59,3,Central,Self-Employed,Female,Married,2024-06-14,0
101989,70.0,782805.81,843.0,296187.08,4,Central,Self-Employed,FEMALE,Widowed,27/12/2024,0
101498,44.0,,513.0,399134.87,1,South,,Male,Divorced,01-Jul-2024,0
100312,24.0,595492.72,664.0,281419.83,0,North,Employed,M,Married,2023-04-24,0
100435,25.0,598982.62,1200.0,380148.15,2,Central,Employed,male,Divorced,06/08/2023,0
101928,28.0,347400.32,379.0,426584.52,2,East,Unemployed,Male,Divorced,2024-12-05,0
100952,53.0,283453.5,661.0,271774.76,2,North,Self-Employed,male,Widowed,2023-12-14,0
100308,,655838.83,645.0,359843.38,2,South  ,Retired,FEMALE,Divorced,2023-04-23,0
100430,22.0,604375.04,373.0,229554.57,4,South,Retired,MALE ,Widowed,07-Jun-2023,0
100660,28.0,1047613.07,713.0,391888.72,4,South,Self-Employed,F,Divorced,2023-08-30,1
100370,37.0,814472.0,801.0,406517.5,4,South,Retired,MALE ,Divorced,16-May-2023,0
100566,30.0,358792.98,358.0,262437.62,1,East,Unemployed,M,Single,26-Jul-2023,0
100999,47.0,709597.09,723.0,321756.95,2,East,Retired,F,Married,12/31/2023,1
100181,26.0,904760.92,,453506.9,4,North,Retired,M,Divorced,08/03/2023,0
101621,18.0,727353.21,605.0,201401.19,0,West,Employed,F,Widowed,14/08/2024,0
100621,45.0,403751.27,703.0,365879.86,3,Central,Unemployed,FEMALE,Married,15/08/2023,0
100834,,760613.65,683.0,272496.37,1,East,Retired,female,Widowed,01-Nov-2023,0
101347,57.0,774030.18,563.0,665619.66,2,South,Self-Employed,Male,Widowed,05/06/2024,0
101794,45.0,245760.15,441.0,467838.12,2,East,Self-Employed,MALE ,Married,17-Oct-2024,0
101441,47.0,,506.0,456903.84,3,West,Unemployed,F,Divorced,10/06/2024,0
101868,19.0,623116.56,341.0,683825.32,0,East,Retired,female,Widowed,2024-11-13,0
100940,57.0,686830.58,317.0,305752.0,0,Central,Retired,Male,Divorced,2023-12-10,0
101222,72.0,787245.72,467.0,264223.74,3,South,Employed,F,Married,22-Mar-2024,0
100296,66.0,538210.59,795.0,388189.63,4,West,Self-Employed,F,Divorced,2023-04-19,0
101261,70.0,1196465.94,551.0,221770.2,4,North,Employed,Female,Married,05/04/2024,0
100461,25.0,813664.88,436.0,632063.42,2,North,Unemployed,M,Widowed,18/06/2023,0
101320,24.0,1219357.61,894.0,474570.44,1,West,Unemployed,Male,Widowed,2024-04-27,0
101193,58.0,519615.34,879.0,351507.61,4,West,Unemployed,Male,Widowed,11/03/2024,0
100377,60.0,391900.75,717.0,853567.22,0,South,Unemployed,female,Married,18/05/2023,0
100798,35.0,613928.91,748.0,359398.94,0,South,Self-Employed,female,Widowed,19-Oct-2023,1
101488,24.0,672398.19,362.0,173877.82,0,East,Unemployed,FEMALE,Widowed,2024-06-27,0
100105,62.0,592676.84,,315071.61,0,South,Employed,FEMALE,Divorced,08/02/2023,0
100126,22.0,695090.99,671.0,385900.18,3,South,Employed,Male,Married,16-Feb-2023,0
100994,48.0,,315.0,438517.57,3,East,Self-Employed,M,Married,29-Dec-2023,0
100523,65.0,495926.73,753.0,480774.68,4,South,,Female,Divorced,07/10/2023,0
100855,66.0,955432.17,304.0,526926.02,0,North,,MALE ,Single,11/09/2023,0
100355,74.0,644438.05,774.0,301075.35,0,East,Retired,FEMALE,Single,05/10/2023,0
101639,33.0,401788.3,662.0,473555.29,2,Central,Retired,female,Single,08/21/2024,0
100682,72.0,,667.0,675925.3,1,West,Unemployed,female,Married,07-Sep-2023,0
101379,48.0,605908.51,791.0,171012.12,2,West,Unemployed,F,Single,05/18/2024,0
100889,33.0,607837.06,638.0,107904.23,0,North,Self-Employed,MALE ,Divorced,21/11/2023,0
100209,62.0,459506.39,525.0,618177.71,3,West,Retired,FEMALE,Single,18/03/2023,0
100986,53.0,486509.22,527.0,624356.01,2,West,Self-Employed,Female,Single,27-Dec-2023,0
100140,74.0,451350.14,335.0,411678.51,1,North,Self-Employed,Male,Single,2023-02-21,0
101457,43.0,675234.2,449.0,578250.48,0,South,Retired,Male,Divorced,16/06/2024,0
101357,25.0,54152.82,752.0,459599.25,3,South,Unemployed,MALE ,Widowed,10/05/2024,0
101121,22.0,492663.88,898.0,367264.98,0,South,Self-Employed,Female,Married,14/02/2024,0
101815,24.0,775271.36,414.0,371762.94,4,North,Employed,MALE ,Divorced,10/24/2024,0
101112,28.0,421218.84,336.0,404676.77,3,West,Unemployed,male,Divorced,2024-02-11,0
100865,57.0,370668.1,480.0,309304.94,3,West,Employed,MALE ,Divorced,12/11/2023,1
100909,23.0,832457.2,599.0,369821.54,3,South,Self-Employed,Male,Widowed,28/11/2023,0
100711,47.0,468496.23,382.0,332790.59,2,Central,Retired,female,Married,09/17/2023,0
101284,39.0,628870.03,855.0,407338.72,1,South,Unemployed,MALE ,Single,2024-04-13,0
101102,70.0,600998.93,895.0,80935.37,2,West,Unemployed,M,Divorced,07-Feb-2024,0
101658,65.0,611216.72,432.0,653473.39,0,Central,Retired,M,Widowed,28-Aug-2024,0
100010,48.0,546915.78,838.0,390071.11,3,South,Employed,M,Divorced,04-Jan-2023,0
101719,47.0,210880.82,854.0,436636.26,1,East,Retired,MALE ,Widowed,09/19/2024,0
101285,20.0,818786.16,642.0,358703.62,1,South,Self-Employed,MALE ,Divorced,14/04/2024,1
100282,56.0,,376.0,296598.21,4,West,Retired,M,Widowed,13-Apr-2023,0
100810,20.0,702666.72,489.0,475790.13,1,North,Self-Employed,female,Widowed,23-Oct-2023,0
101107,69.0,,767.0,552926.06,3,East,,female,Divorced,02/09/2024,0
100291,33.0,1084912.01,862.0,611163.82,4,South,Employed,Male,Divorced,04/17/2023,1
100754,49.0,300578.46,,507429.36,1,West,Unemployed,Male,Single,03-Oct-2023,0
100626,37.0,467605.7,829.0,496322.94,0,West,Retired,Male,Divorced,17-Aug-2023,0
100963,30.0,220209.72,665.0,586089.48,2,North,Retired,male,Single,12/18/2023,0
100879,53.0,658173.81,631.0,299152.62,1,North,Employed,Male,Widowed,11/17/2023,0
100129,54.0,1044796.38,401.0,376402.33,3,West,Employed,Male,Divorced,17/02/2023,0
101192,27.0,464034.77,,319070.88,0,West,Self-Employed,MALE ,Married,2024-03-11,0
100843,20.0,161796.12,862.0,166492.61,4,Central,Unemployed,female,Divorced,11/04/2023,0
100323,70.0,692426.64,633.0,328359.66,4,Central,Employed,Female,Single,04/28/2023,0
101105,28.0,155562.73,590.0,242605.47,3,Central,Self-Employed,F,Widowed,08/02/2024,0
101476,45.0,834923.13,696.0,361191.04,2,East,Retired,FEMALE,Divorced,2024-06-23,0
101487,18.0,547366.5,754.0,743117.5,3,Central,Employed,Female,Divorced,06/27/2024,0
101893,58.0,282840.14,564.0,103200.15,1,South,Retired,F,Married,22/11/2024,0
101282,40.0,,523.0,551617.21,1,Central,,Male,Single,13-Apr-2024,0
101807,45.0,543108.91,598.0,380526.97,0,West,Employed,MALE ,Married,10/21/2024,0
100695,32.0,624334.48,853.0,243413.23,0,West,Retired,female,Married,09/11/2023,0
100215,33.0,449947.08,897.0,600729.42,0,East,Employed,female,Married,03/20/2023,0
101641,20.0,856793.2,431.0,241773.65,4,North,Employed,FEMALE,Single,22/08/2024,1
101944,39.0,1121980.99,778.0,455221.98,4,South,Employed,M,Single,2024-12-10,0
100158,46.0,582461.22,,484741.1,1,North,Retired,Female,Single,27-Feb-2023,0
101073,47.0,880659.93,384.0,337113.9,1,West,Unemployed,FEMALE,Married,27/01/2024,0
101778,35.0,940023.21,339.0,422845.06,1,South,Employed,FEMALE,Married,11-Oct-2024,0
100968,70.0,1051057.28,785.0,283688.93,3,East,Employed,Male,Married,2023-12-20,0
100841,55.0,659923.38,769.0,446974.84,0,West,Self-Employed,FEMALE,Widowed,04/11/2023,0
100634,28.0,933172.46,836.0,265297.34,0,North,Unemployed,Female,Divorced,20-Aug-2023,1
100516,68.0,732485.88,627.0,313636.22,1,South,Retired,MALE ,Widowed,2023-07-08,0
101448,60.0,,,640661.5,4,Central,Retired,MALE ,Divorced,2024-06-12,0
101543,50.0,,699.0,519380.8,1,North,Retired,FEMALE,Divorced,07/17/2024,0
100597,62.0,414944.7,445.0,503583.6,3,North,Self-Employed,M,Widowed,07/08/2023,1
100195,22.0,586347.96,358.0,430248.63,4,West,Unemployed,Female,Single,03/13/2023,0
101666,,651330.72,399.0,434418.47,0,Central,Employed,MALE ,Widowed,31-Aug-2024,0
100887,29.0,768782.02,859.0,116522.1,2,South,Unemployed,F,Single,11/20/2023,1
100410,27.0,,694.0,413340.33,2,North,Retired,M,Single,30-May-2023,0
100096,31.0,933058.64,481.0,296021.96,1,Central,Employed,Male,Divorced,2023-02-05,0
101780,20.0,532533.69,488.0,402512.61,4,West,Retired,M,Married,2024-10-12,1
100966,52.0,973377.49,1200.0,323050.79,3,North,Retired,MALE ,Widowed,19-Dec-2023,0
100156,25.0,591042.66,657.0,465441.92,0,East,Self-Employed,M,Divorced,2023-02-26,0
100419,46.0,962189.44,,450849.18,0,West,Unemployed,male,Single,06/03/2023,1
101830,38.0,,368.0,391847.79,1,Central,Unemployed,Male,Single,30-Oct-2024,1
100477,19.0,613993.08,725.0,603727.62,0,Central,Retired,FEMALE,Divorced,24/06/2023,0
101884,53.0,1007729.75,691.0,544801.32,0,Central,,male,Widowed,2024-11-19,0
100668,70.0,921128.79,523.0,414638.99,3,South,Employed,Female,Married,2023-09-01,0
101053,72.0,653670.03,602.0,561621.78,1,West,Unemployed,FEMALE,Single,20/01/2024,0
101901,48.0,666147.41,343.0,471959.88,3,Central,Self-Employed,M,Widowed,25/11/2024,1
101317,51.0,764639.78,625.0,435873.8,0,Central,Unemployed,FEMALE,Widowed,25/04/2024,0
100447,72.0,991976.86,639.0,639554.18,1,North,Self-Employed,MALE ,Divorced,06/13/2023,0
100553,36.0,332996.52,862.0,194042.4,3,West,Retired,Female,Divorced,21/07/2023,1
100178,69.0,822526.11,337.0,303160.51,3,Central,Employed,Female,Single,07-Mar-2023,0
100390,60.0,523223.68,400.0,629284.12,1,North,Unemployed,female,Divorced,23-May-2023,0
100578,68.0,590835.29,630.0,241563.25,4,South,Self-Employed,female,Married,31-Jul-2023,0
101027,33.0,671966.91,368.0,450938.89,0,East,Self-Employed,FEMALE,Single,01/11/2024,0
101731,69.0,748307.44,386.0,354409.8,2,West,Self-Employed,Male,Married,09/24/2024,1
101305,56.0,807818.68,,558180.05,2,East,Self-Employed,male,Married,21/04/2024,0
101667,56.0,935052.37,672.0,470430.46,1,Central,Retired,Male,Widowed,08/31/2024,0
100916,48.0,,617.0,320644.23,3,South,Retired,Female,Widowed,2023-12-01,0
100820,19.0,251996.75,389.0,445168.71,0,West,Unemployed,male,Widowed,2023-10-27,0
101852,-5.0,860793.58,617.0,251000.93,4,East,Retired,Male,Divorced,2024-11-07,0
101004,25.0,573325.68,727.0,607758.94,0,West,Employed,male,Single,2024-01-02,0
101067,54.0,678437.04,802.0,445306.17,1,West,Employed,female,Widowed,01/25/2024,0
100664,52.0,,,241318.56,1,North,Retired,Female,Divorced,2023-08-31,0
100142,33.0,860055.04,647.0,553928.45,2,South,Self-Employed,FEMALE,Married,21-Feb-2023,0
101615,27.0,628260.01,691.0,474058.41,0,North,,Male,Widowed,08/12/2024,0
101449,,463754.27,399.0,186609.9,3,North,Retired,F,Widowed,13/06/2024,0
100864,66.0,664352.52,533.0,696546.31,4,East,Employed,Female,Married,2023-11-12,0
100421,57.0,734100.23,633.0,310544.25,3,Central,Self-Employed,Female,Divorced,03/06/2023,0
100636,31.0,294559.09,314.0,328431.86,0,West,Unemployed,FEMALE,Widowed,2023-08-21,0
101752,53.0,378491.36,317.0,498836.59,1,South,Retired,F,Widowed,2024-10-01,0
100799,43.0,345820.4,345.0,383206.47,4,South,Retired,FEMALE,Married,10/19/2023,0
101299,19.0,802112.93,410.0,295185.49,0,Central,Retired,Male,Married,04/19/2024,0
100615,54.0,787550.62,394.0,469357.85,1,South,Self-Employed,female,Divorced,08/13/2023,0
100294,49.0,674353.35,789.0,430652.15,4,West,Unemployed,F,Married,18-Apr-2023,0
100941,41.0,532540.87,640.0,358245.03,1,Central,Employed,Male,Widowed,10/12/2023,1
101355,46.0,935063.32,895.0,393687.09,4,South,Self-Employed,FEMALE,Single,05/09/2024,0
101932,65.0,852136.94,460.0,208091.49,1,South,Self-Employed,FEMALE,Single,2024-12-06,0
100088,61.0,1018003.64,763.0,216354.49,0,East,Retired,male,Married,2023-02-02,1
100041,61.0,839062.04,597.0,194836.92,4,North,Employed,FEMALE,Married,15/01/2023,0
101829,73.0,790082.29,477.0,487770.92,3,Central,Unemployed,Female,Widowed,29/10/2024,0
101963,64.0,463470.88,450.0,364042.93,3,North,Self-Employed,Female,Widowed,12/17/2024,1
100131,49.0,893415.88,871.0,612387.14,4,East,Unemployed,MALE ,Married,02/17/2023,1
101799,47.0,194662.41,598.0,569847.39,1,West,Unemployed,female,Divorced,10/18/2024,1
101009,47.0,176707.21,482.0,275527.24,2,East,Unemployed,male,Divorced,04/01/2024,0
101084,29.0,343823.81,553.0,381884.71,2,East,Unemployed,Male,Divorced,2024-01-31,0
101883,66.0,611217.43,332.0,476149.27,2,South,Retired,M,Single,11/18/2024,0
101362,37.0,899918.5,528.0,626821.53,0,Central,Employed,M,Divorced,12-May-2024,0
101521,58.0,994434.06,691.0,378988.68,0,South,Unemployed,female,Widowed,09/07/2024,0
100164,41.0,584231.64,757.0,37207.86,3,West,Unemployed,Female,Married,2023-03-01,0
100724,62.0,256867.94,737.0,595649.52,2,South,Unemployed,FEMALE,Widowed,2023-09-22,0
100290,64.0,640365.43,1200.0,255850.55,2,Central,Employed,M,Married,16-Apr-2023,0
101159,37.0,1201631.33,661.0,640929.87,1,North,Employed,Male,Single,02/28/2024,1
101558,74.0,820598.13,731.0,326046.36,2,North,Employed,FEMALE,Married,22-Jul-2024,0
101926,38.0,484206.56,730.0,469111.3,2,South,Self-Employed,M,Single,04-Dec-2024,0
101034,21.0,483530.57,,422226.83,4,North,Employed,male,Married,13-Jan-2024,0
101380,73.0,477057.56,1200.0,301765.65,2,Central,Employed,male,Single,2024-05-18,0
100778,33.0,456337.04,507.0,-11842.08,2,South,Employed,M,Married,12-Oct-2023,0
100839,69.0,769258.78,894.0,584093.67,3,East,Unemployed,female,Widowed,11/03/2023,0
100348,28.0,1109056.46,888.0,333721.63,3,South,Employed,female,Widowed,2023-05-08,0
101974,49.0,966289.99,549.0,408739.66,3,Central,Unemployed,Female,Single,21-Dec-2024,0
100571,41.0,417433.83,307.0,287696.67,4,South,Self-Employed,M,Single,07/28/2023,0
100917,62.0,148026.74,666.0,366506.54,2,Central,Retired,female,Widowed,01/12/2023,0
101202,74.0,495956.23,640.0,147729.14,0,West,Self-Employed,Female,Single,14-Mar-2024,0
101916,34.0,935203.2,804.0,570530.3,2,Central,Unemployed,MALE ,Single,2024-11-30,0
101490,33.0,498850.35,696.0,237019.75,3,North,Employed,MALE ,Single,28-Jun-2024,0
101614,21.0,891999.7,608.0,436941.71,4,East,Unemployed,Male,Divorced,12-Aug-2024,0
101335,74.0,-40668.88,644.0,329368.92,3,Central,Retired,MALE ,Divorced,05/02/2024,0
101872,52.0,668849.89,643.0,515655.43,2,East,Self-Employed,M,Married,2024-11-14,0
100136,52.0,779915.14,723.0,340653.47,4,Central,Unemployed,male,Single,2023-02-19,0
100458,65.0,422139.09,804.0,392727.41,0,South,Retired,F,Single,17-Jun-2023,0
100375,23.0,759747.76,755.0,318687.88,2,North,Retired,M,Divorced,05/17/2023,0
101360,22.0,1017484.31,838.0,548242.66,4,South,,Male,Single,2024-05-11,0
100333,65.0,,853.0,341965.52,1,East,Employed,MALE ,Widowed,02/05/2023,0
101324,67.0,935370.19,655.0,173932.48,0,Central,Retired,M,Married,2024-04-28,0
101176,36.0,748559.41,388.0,293830.32,2,West,Self-Employed,female,Single,2024-03-05,0
101952,22.0,878038.1,897.0,403851.17,4,North,Unemployed,Male,Married,2024-12-13,0
101786,29.0,678468.8,359.0,572106.65,3,East,Unemployed,Male,Married,14-Oct-2024,0
101951,52.0,395059.95,458.0,578033.7,0,West,,M,Married,12/13/2024,1
100816,20.0,404146.01,829.0,251953.04,2,North,Employed,Female,Divorced,2023-10-25,0
101131,56.0,197963.99,472.0,358399.27,3,Central,Self-Employed,F,Divorced,02/18/2024,0
100605,48.0,735377.17,829.0,586424.56,0,North,Unemployed,F,Divorced,09/08/2023,0
101885,28.0,992117.35,383.0,779253.47,1,West,Retired,male,Widowed,19/11/2024,0
101927,25.0,484438.8,503.0,702671.41,2,East,Retired,M,Married,12/04/2024,1
101334,48.0,427494.81,552.0,418496.41,0,North,Retired,Female,Widowed,02-May-2024,0
100910,61.0,1102228.64,476.0,705569.18,1,East,Employed,male,Divorced,29-Nov-2023,0
101959,28.0,850179.78,639.0,350816.34,1,Central,Employed,female,Single,12/16/2024,1
101225,73.0,,533.0,235080.72,0,Central,Self-Employed,Female,Divorced,23/03/2024,1
100328,26.0,861370.78,641.0,209312.63,1,Central,Employed,male,Divorced,2023-04-30,0
101689,23.0,,551.0,627908.15,4,West,Self-Employed,female,Married,08/09/2024,0
100318,71.0,712611.58,429.0,443771.92,0,North,Employed,M,Single,27-Apr-2023,0
101552,48.0,222131.71,,517563.97,4,Central,Retired,female,Married,2024-07-20,0
101544,31.0,1076691.91,773.0,686318.55,0,South,Employed,male,Single,2024-07-17,0
101758,,557322.4,630.0,358210.63,3,East,Unemployed,female,Widowed,03-Oct-2024,0
100167,27.0,608765.56,462.0,404475.07,1,East,Employed,male,Widowed,03/02/2023,0
100012,59.0,760953.18,441.0,403894.32,0,West,Unemployed,Male,Widowed,2023-01-05,0
101956,48.0,488886.06,630.0,465065.37,0,West,Employed,Female,Divorced,2024-12-15,0
100171,23.0,627800.89,397.0,482068.35,4,East,Retired,male,Divorced,03/04/2023,0
100649,66.0,,700.0,631884.47,1,South,Unemployed,FEMALE,Married,26/08/2023,0
101523,26.0,853829.02,689.0,472923.3,1,East,Retired,F,Divorced,07/10/2024,0
100260,63.0,505838.18,338.0,481091.43,1,Central,Employed,F,Married,2023-04-05,0
101230,64.0,653518.02,757.0,335206.09,4,Central,Self-Employed,MALE ,Single,25-Mar-2024,0
101429,62.0,539522.5,420.0,446066.25,0,South,Self-Employed,Female,Widowed,05/06/2024,0
100901,20.0,557305.46,,229126.59,0,Central,Employed,MALE ,Married,26/11/2023,0
100672,54.0,599054.53,616.0,317377.46,3,East,Employed,Female,Divorced,2023-09-03,0
100258,27.0,780987.74,346.0,278635.11,4,East,Employed,Male,Single,05-Apr-2023,0
100844,18.0,156541.53,419.0,202145.47,1,West,Unemployed,FEMALE,Widowed,2023-11-05,0
100867,65.0,794665.41,486.0,390129.5,1,South,Unemployed,MALE ,Divorced,11/13/2023,0
101211,,800751.71,465.0,603145.07,2,North,Unemployed,Female,Widowed,03/18/2024,1
100138,37.0,825180.79,474.0,566151.6,4,Central,Employed,FEMALE,Married,20-Feb-2023,0
100893,73.0,813904.52,723.0,289877.84,4,North,Employed,FEMALE,Single,23/11/2023,0
101865,41.0,892624.5,394.0,377509.66,0,West,Self-Employed,F,Married,12/11/2024,0
100549,-5.0,,342.0,264477.62,2,West,Employed,Male,Divorced,20/07/2023,0
100319,61.0,318400.97,688.0,567863.06,0,East,Retired,MALE ,Married,04/27/2023,0
101549,18.0,652745.72,778.0,46817.41,0,West,Employed,female,Married,19/07/2024,0
101328,56.0,881935.6,323.0,530874.78,0,East,Retired,female,Married,2024-04-29,1
101827,74.0,925092.67,825.0,422422.62,4,South,Retired,MALE ,Divorced,10/29/2024,0
100558,63.0,919719.76,561.0,176791.49,4,East,Self-Employed,Male,Divorced,23-Jul-2023,0
100139,42.0,311046.51,684.0,529092.63,2,Central,Unemployed,Female,Married,02/20/2023,0
101760,39.0,607612.32,406.0,489825.13,4,North,Employed,female,Divorced,2024-10-04,0
100531,27.0,827994.26,865.0,533023.95,3,North,Retired,F,Married,07/13/2023,0
100224,59.0,901877.69,340.0,229360.9,3,East,Retired,MALE ,Married,2023-03-23,0
100723,24.0,516297.17,344.0,532852.85,3,West,Self-Employed,female,Widowed,09/22/2023,0
100786,19.0,508590.31,715.0,448727.75,2,South,Employed,FEMALE,Divorced,15-Oct-2023,0
101742,43.0,621661.5,358.0,250947.26,1,South,Employed,male,Single,28-Sep-2024,0
101177,28.0,470129.61,801.0,498097.93,2,East,Employed,female,Widowed,05/03/2024,0
100409,18.0,-100000.0,,227814.57,4,North,Employed,Male,Single,30/05/2023,0
100325,31.0,551356.79,356.0,451397.08,4,North,Employed,MALE ,Married,29/04/2023,0
101545,51.0,704051.17,677.0,294418.1,1,South,Retired,female,Divorced,18/07/2024,0
100299,19.0,440985.72,334.0,272721.25,1,West,Retired,Male,Widowed,04/20/2023,0
101280,60.0,463844.16,770.0,603075.33,0,Central,Self-Employed,M,Divorced,2024-04-12,1
101157,66.0,642995.55,834.0,246686.91,4,Central,Retired,F,Widowed,27/02/2024,0
100025,54.0,1098592.51,685.0,243337.53,2,South,Unemployed,Female,Widowed,10/01/2023,0
101887,41.0,444527.06,596.0,319193.22,3,Central,Employed,M,Married,11/20/2024,0
100714,70.0,393647.47,444.0,269861.36,3,Central,Employed,female,Single,18-Sep-2023,0
100846,26.0,648220.79,318.0,697180.0,3,West,Employed,Female,Married,05-Nov-2023,0
100193,38.0,353232.39,840.0,308634.53,2,East,Retired,Male,Divorced,12/03/2023,0
100440,73.0,812937.04,465.0,471222.45,4,Central,Retired,F,Married,2023-06-10,0
100573,20.0,584775.04,560.0,543194.17,0,Central,Unemployed,Male,Single,29/07/2023,0
100946,73.0,-79289.97,666.0,374221.18,2,West,Self-Employed,male,Widowed,12-Dec-2023,0
100997,38.0,,398.0,256964.38,0,West,Employed,F,Married,31/12/2023,0
100503,67.0,677371.34,677.0,238339.55,2,West,Retired,Female,Divorced,07/03/2023,0
101189,18.0,733133.08,413.0,401789.43,2,Central,Unemployed,Female,Married,10/03/2024,0
101902,59.0,793060.61,560.0,615861.26,0,West,Unemployed,MALE ,Married,25-Nov-2024,0
101813,,1026126.68,411.0,435786.42,1,Central,Employed,MALE ,Divorced,24/10/2024,0
100003,43.0,579301.06,670.0,392411.89,2,West,Retired,MALE ,Divorced,01/02/2023,1
101268,72.0,389013.98,364.0,456962.83,1,East,Retired,Male,Married,2024-04-08,0
100467,51.0,709237.15,870.0,145356.65,2,East,Self-Employed,F,Widowed,06/20/2023,0
100005,66.0,705780.5,302.0,104497.75,1,South,Employed,F,Widowed,02/01/2023,0
101393,60.0,1042499.62,844.0,240976.92,1,South,Employed,female,Divorced,23/05/2024,1
100547,51.0,229418.38,659.0,351963.89,2,South,Retired,female,Divorced,07/19/2023,0
100228,49.0,1140121.15,,559227.82,4,West,Retired,FEMALE,Single,2023-03-25,0
100542,29.0,683086.63,853.0,408864.0,1,Central,Employed,F,Widowed,17-Jul-2023,1
100242,23.0,724377.77,327.0,395658.74,1,West,Unemployed,M,Single,30-Mar-2023,0
100898,22.0,,628.0,428120.15,2,South,Employed,Male,Single,24-Nov-2023,0
101777,27.0,904877.73,853.0,470867.65,4,North,Employed,MALE ,Married,10/10/2024,0
101208,34.0,662924.58,602.0,644084.67,2,East,Employed,Male,Married,2024-03-17,0
101789,60.0,809689.85,845.0,404847.32,3,East,Unemployed,male,Divorced,15/10/2024,0
100842,69.0,,477.0,410195.5,4,South,Self-Employed,Female,Married,04-Nov-2023,0
101701,28.0,,323.0,662463.09,3,South,Retired,MALE ,Single,13/09/2024,0
101712,68.0,763498.91,805.0,317776.13,4,West,Employed,F,Married,2024-09-17,0
101999,34.0,1002476.55,374.0,177465.0,3,North,Employed,FEMALE,Married,12/31/2024,0
100661,59.0,743765.54,498.0,483609.48,0,Central,Retired,female,Widowed,30/08/2023,0
101727,50.0,999784.1,380.0,478431.95,3,South,Self-Employed,FEMALE,Married,09/22/2024,0
100314,31.0,107346.15,,139386.71,2,East,Employed,female,Single,25-Apr-2023,1
100691,63.0,837949.12,472.0,223331.53,2,Central,Employed,Female,Single,09/10/2023,0
101526,36.0,459502.12,686.0,455765.15,2,East,Retired,Female,Widowed,11-Jul-2024,0
100424,41.0,1019348.41,469.0,467246.46,4,North,Employed,FEMALE,Widowed,2023-06-04,0
100594,36.0,684981.08,715.0,262816.74,1,West,Self-Employed,M,Widowed,05-Aug-2023,0
101993,54.0,,513.0,225803.47,4,West,Self-Employed,male,Divorced,28/12/2024,0
100622,27.0,536118.04,797.0,475181.25,2,East,Unemployed,MALE ,Single,16-Aug-2023,0
101187,52.0,706074.33,,412208.18,0,Central,Retired,Female,Single,03/09/2024,0
101057,62.0,316631.42,410.0,266090.17,0,East,Employed,male,Single,21/01/2024,1
100227,51.0,1133448.37,815.0,475547.54,2,West,Self-Employed,MALE ,Divorced,03/24/2023,0
101134,52.0,221378.53,302.0,462312.82,3,East,Retired,MALE ,Single,19-Feb-2024,0
101822,35.0,537629.14,493.0,347885.32,4,South,Employed,Male,Divorced,27-Oct-2024,0
101114,29.0,746764.68,437.0,359085.69,2,North,Employed,M,Widowed,11-Feb-2024,0
100066,69.0,771290.28,385.0,274297.12,2,Central,Employed,M,Married,25-Jan-2023,0
100024,62.0,1019818.63,488.0,250784.03,0,South,Retired,Male,Widowed,2023-01-09,0
100144,74.0,582081.4,726.0,277259.49,2,Central,Unemployed,male,Single,2023-02-22,0
100536,43.0,732572.49,822.0,513724.63,1,West,Unemployed,FEMALE,Widowed,2023-07-15,0
100811,68.0,369642.24,458.0,185575.26,1,Central,Employed,Female,Married,10/24/2023,0
101766,46.0,534415.07,532.0,425010.28,2,Central,,F,Widowed,06-Oct-2024,1
100085,57.0,677411.94,666.0,495206.6,0,East,Unemployed,female,Widowed,01/02/2023,0
101350,21.0,751245.58,729.0,450840.78,4,Central,Retired,female,Divorced,07-May-2024,0
101200,68.0,222693.47,482.0,327294.7,1,West,Unemployed,M,Divorced,2024-03-14,0
101085,65.0,939737.4,454.0,374482.12,2,Central,Retired,MALE ,Single,01/02/2024,0
101832,51.0,489109.72,500.0,780772.48,0,North,Employed,male,Divorced,2024-10-31,0
101935,27.0,905305.57,811.0,302942.85,1,Central,Retired,FEMALE,Widowed,12/07/2024,1
101391,48.0,952316.14,861.0,653135.52,1,West,Unemployed,male,Married,05/22/2024,0
101161,46.0,755572.25,716.0,379670.83,3,East,Unemployed,FEMALE,Divorced,28/02/2024,0
100362,30.0,835507.23,452.0,401537.0,0,Central,Unemployed,male,Single,13-May-2023,0
101699,72.0,550112.76,884.0,120791.54,3,West,Retired,M,Married,09/12/2024,0
101169,70.0,712233.48,878.0,364755.1,4,East,Retired,F,Single,02/03/2024,0
101026,22.0,891292.62,396.0,350115.52,2,East,Unemployed,FEMALE,Single,10-Jan-2024,0
101030,45.0,627115.0,575.0,548359.69,2,North,Retired,male,Single,12-Jan-2024,0
101234,54.0,605785.2,846.0,717344.47,2,Central,Self-Employed,male,Married,26-Mar-2024,1
101514,32.0,429690.39,305.0,121596.9,0,West,Self-Employed,M,Single,06-Jul-2024,0
101087,74.0,741612.79,747.0,117054.26,1,North,Self-Employed,M,Widowed,02/01/2024,0
100665,57.0,686484.57,688.0,594558.58,1,Central,Retired,FEMALE,Single,31/08/2023,1
100364,24.0,381308.5,,438941.7,0,South,Retired,FEMALE,Single,2023-05-13,0
100077,30.0,459419.14,734.0,400777.97,1,Central,Employed,MALE ,Single,29/01/2023,0
100027,64.0,622566.45,851.0,244791.85,3,South,Self-Employed,female,Single,01/10/2023,0
101456,74.0,541067.48,488.0,135537.16,0,West,Employed,FEMALE,Single,2024-06-15,0
100525,35.0,494364.96,598.0,352759.5,3,East,Employed,F,Divorced,11/07/2023,0
101897,67.0,378481.6,440.0,185995.99,0,South,Retired,Male,Divorced,23/11/2024,0
100055,20.0,752457.11,446.0,363141.88,1,West,Retired,Female,Married,01/21/2023,0
100638,63.0,989530.27,420.0,347035.55,0,South,Unemployed,F,Single,21-Aug-2023,0
100302,18.0,798388.67,863.0,433319.84,3,Central,Retired,MALE ,Divorced,21-Apr-2023,0
100718,31.0,810053.41,448.0,156584.9,4,West,Retired,Female,Widowed,20-Sep-2023,0
100624,52.0,297507.57,,-60954.54,2,West,Unemployed,F,Married,2023-08-16,0
100007,57.0,400071.94,410.0,393985.76,1,North,Self-Employed,female,Single,01/03/2023,0
100803,,537153.89,497.0,437867.4,1,South,Retired,FEMALE,Single,10/21/2023,0
101049,24.0,642979.23,608.0,390125.68,0,Central,Employed,MALE ,Widowed,19/01/2024,1
100336,72.0,838463.77,744.0,343257.22,1,South,Unemployed,M,Widowed,2023-05-03,0
100047,,388739.07,429.0,263790.64,1,South,Unemployed,F,Widowed,01/18/2023,0
101502,31.0,654032.35,416.0,574260.22,1,South,Unemployed,female,Widowed,02-Jul-2024,0
100106,62.0,251801.44,747.0,373447.96,4,South,Self-Employed,F,Divorced,08-Feb-2023,0
100349,27.0,599264.51,357.0,163921.16,1,North,Unemployed,Female,Widowed,08/05/2023,0
101079,65.0,815110.64,,564030.19,0,East,Self-Employed,F,Married,01/30/2024,0
100238,35.0,-100000.0,537.0,580676.13,1,Central,Retired,Male,Divorced,28-Mar-2023,1
100213,43.0,319877.75,403.0,316044.96,0,South,Retired,MALE ,Single,19/03/2023,0
101270,39.0,627451.9,829.0,317585.95,4,East,Self-Employed,Male,Single,08-Apr-2024,0
101314,69.0,653338.9,674.0,473074.27,1,East,Unemployed,male,Divorced,24-Apr-2024,0
100793,65.0,355949.92,634.0,399446.65,2,Central,Employed,MALE ,Single,17/10/2023,0
101096,65.0,744921.9,653.0,152289.73,3,West,Retired,FEMALE,Single,2024-02-05,0
101196,58.0,808355.39,1200.0,312802.23,0,East,,M,Widowed,2024-03-12,1
101591,37.0,1008751.54,585.0,424967.33,0,South,Unemployed,male,Single,08/04/2024,0
101605,68.0,1018353.27,323.0,548098.46,1,South,Unemployed,F,Widowed,09/08/2024,0
101696,44.0,292796.14,827.0,454583.05,1,West,Unemployed,Male,Single,2024-09-11,0
100523,65.0,495926.73,753.0,480774.68,4,South,,Female,Divorced,07/10/2023,0
100232,19.0,385429.74,399.0,239363.95,2,South,Employed,female,Widowed,2023-03-26,0
100644,61.0,586906.47,860.0,475882.76,0,West,Self-Employed,FEMALE,Married,2023-08-24,0
101530,23.0,101864.13,378.0,471050.78,1,South,Self-Employed,F,Single,12-Jul-2024,0
100533,34.0,-100000.0,491.0,476889.25,4,North,Retired,female,Married,14/07/2023,0
101531,18.0,512981.77,309.0,342029.07,4,East,Self-Employed,MALE ,Married,07/13/2024,0
100603,25.0,656282.18,614.0,403179.8,1,East,Retired,M,Divorced,08/09/2023,0
101226,24.0,659201.37,463.0,552448.48,2,South,Unemployed,Male,Married,23-Mar-2024,0
101074,44.0,815009.37,439.0,259908.93,1,East,Employed,Female,Divorced,28-Jan-2024,1
101322,49.0,254915.17,470.0,252302.11,1,North,Unemployed,male,Single,27-Apr-2024,0
100060,70.0,659014.98,342.0,440998.19,0,East,Unemployed,Female,Single,2023-01-22,0
101281,60.0,636323.89,,458809.32,1,South,Retired,F,Widowed,12/04/2024,1
100092,65.0,761181.7,434.0,291313.93,1,East,Retired,Male,Widowed,2023-02-03,0
100666,46.0,645740.53,538.0,228972.29,0,West,Employed,FEMALE,Widowed,01-Sep-2023,0
100280,33.0,198075.79,504.0,890653.92,3,West,Self-Employed,M,Married,2023-04-13,1
101390,35.0,730997.56,626.0,445561.38,1,North,Self-Employed,Female,Widowed,22-May-2024,0
100359,60.0,723233.46,1200.0,564421.35,2,East,Unemployed,male,Married,05/12/2023,0
101255,22.0,671498.37,834.0,224236.25,1,East,Retired,F,Married,04/03/2024,0
101341,25.0,972757.26,391.0,536239.21,0,Central,Employed,Female,Married,04/05/2024,0
100847,20.0,692544.24,312.0,486890.47,2,West,Retired,FEMALE,Single,11/06/2023,0
101604,25.0,809984.04,891.0,657147.2,3,South,Self-Employed,female,Widowed,2024-08-08,0
100110,,,534.0,459865.48,3,West  ,Employed,female,Widowed,10-Feb-2023,0
100042,57.0,744710.65,576.0,279112.33,1,Central,Retired,MALE ,Widowed,16-Jan-2023,0
100125,50.0,,534.0,388785.62,1,West,Employed,Female,Single,15/02/2023,0
100204,44.0,172967.4,637.0,414148.02,0,West,Unemployed,F,Widowed,2023-03-16,0
100052,38.0,804925.49,781.0,490284.35,2,East,Unemployed,Male,Married,2023-01-19,1
100545,21.0,873901.31,315.0,242437.01,4,North,Employed,FEMALE,Divorced,19/07/2023,0
100068,22.0,649651.84,339.0,454240.08,2,South,Self-Employed,F,Married,2023-01-25,0
101920,40.0,685414.17,445.0,244450.91,4,West,Employed,FEMALE,Divorced,2024-12-02,0
101861,34.0,233910.9,354.0,567675.16,4,South,Retired,Male,Divorced,10/11/2024,0
100183,57.0,696014.46,625.0,386763.18,3,North,Unemployed,Female,Single,03/08/2023,0
100137,19.0,375665.58,756.0,323503.42,1,East,Retired,M,Married,20/02/2023,0
100899,53.0,597741.94,719.0,249583.22,2,South,Unemployed,M,Single,11/25/2023,0
100796,73.0,385711.28,568.0,521988.65,3,North,Retired,Male,Widowed,2023-10-18,0
100132,23.0,960490.0,432.0,217630.26,1,North,Employed,Female,Widowed,2023-02-18,0
100080,71.0,785648.62,306.0,196510.02,1,Central,Employed,Female,Single,2023-01-30,0
101505,31.0,731936.62,376.0,394896.1,3,West,Unemployed,Female,Divorced,03/07/2024,0
101563,70.0,937064.11,556.0,258192.6,2,North,Employed,Male,Single,07/24/2024,0
100541,21.0,1149378.54,328.0,434408.15,2,South,Retired,MALE ,Divorced,17/07/2023,0
101618,24.0,898587.62,325.0,643717.76,1,Central,Employed,MALE ,Single,13-Aug-2024,0
100983,54.0,664102.89,365.0,568383.98,2,Central,Employed,male,Widowed,12/25/2023,0
100165,64.0,478536.83,703.0,591470.63,2,North,Retired,Male,Widowed,02/03/2023,0
100248,62.0,305497.68,579.0,550480.88,0,South,Self-Employed,male,Single,2023-04-01,0
100446,35.0,965234.33,464.0,155650.37,0,West,Unemployed,female,Single,12-Jun-2023,0
101165,23.0,555490.18,395.0,343014.73,2,South,Unemployed,M,Single,01/03/2024,0
100858,56.0,818448.6,738.0,403789.42,1,East,Unemployed,Female,Married,10-Nov-2023,0
101228,26.0,185922.11,558.0,508959.48,2,South,Employed,MALE ,Single,2024-03-24,0
100097,56.0,,768.0,373935.64,1,East,Retired,female,Widowed,05/02/2023,0
100197,24.0,403710.49,325.0,445799.24,3,South,Employed,M,Single,13/03/2023,0
100737,37.0,709206.53,844.0,235690.95,1,West,Retired,FEMALE,Single,27/09/2023,0
101273,56.0,957343.93,666.0,292900.74,1,Central,Self-Employed,M,Married,09/04/2024,1
100102,63.0,630660.96,857.0,255605.43,1,East,Self-Employed,Male,Married,07-Feb-2023,0
100434,42.0,569003.81,548.0,172935.76,4,North,Retired,Male,Married,08-Jun-2023,0
100074,57.0,893473.53,341.0,626307.94,0,South,Retired,F,Married,28-Jan-2023,0
101818,25.0,673617.5,798.0,761686.61,3,East,Employed,Female,Married,25-Oct-2024,1
101644,25.0,855930.23,386.0,315353.01,4,Central,Employed,M,Divorced,2024-08-23,0
100918,32.0,716684.04,521.0,160606.43,3,East,Retired,Male,Divorced,02-Dec-2023,1
101736,46.0,946535.63,441.0,434732.02,4,North,Employed,F,Divorced,2024-09-25,0
101746,74.0,364948.29,616.0,490111.77,0,East,Unemployed,Male,Single,29-Sep-2024,0
101810,31.0,534049.89,,567565.87,4,North,Employed,Female,Divorced,22-Oct-2024,0
100762,72.0,659380.81,561.0,508798.61,1,West,Employed,M,Single,06-Oct-2023,0
100989,62.0,877015.71,590.0,263303.28,4,South,Employed,Male,Single,28/12/2023,0
100388,68.0,766544.42,507.0,675534.28,2,East,Retired,M,Widowed,2023-05-22,0
100235,59.0,755056.68,512.0,450493.56,2,North,Self-Employed,Female,Married,03/27/2023,0
101557,62.0,1123262.22,336.0,284718.13,1,East,Unemployed,M,Single,22/07/2024,0
100267,37.0,731752.47,345.0,348469.64,0,South,Self-Employed,F,Single,04/08/2023,0
101204,55.0,380604.19,343.0,637789.18,4,South,Retired,FEMALE,Divorced,2024-03-15,0
100117,25.0,677598.93,878.0,385237.39,3,North,Self-Employed,FEMALE,Single,12/02/2023,0
101629,,959470.92,469.0,348459.84,4,South,Employed,M,Single,17/08/2024,0
100673,23.0,282221.19,321.0,648834.58,2,North,Retired,Male,Single,03/09/2023,0
100249,20.0,197345.33,487.0,523290.58,4,West,Retired,FEMALE,Married,01/04/2023,0
101473,29.0,667528.29,876.0,153512.95,4,East,Self-Employed,M,Single,21/06/2024,0
100060,70.0,659014.98,342.0,440998.19,0,East,Unemployed,Female,Single,2023-01-22,0
100094,69.0,1013512.55,449.0,729827.18,1,Central,Employed,Male,Married,04-Feb-2023,0
100033,49.0,635179.34,358.0,444415.09,0,South,Employed,female,Widowed,13/01/2023,0
101857,51.0,652293.31,464.0,461555.31,3,South,Self-Employed,male,Married,09/11/2024,0
101692,55.0,762453.83,613.0,398702.71,2,North,Retired,F,Divorced,2024-09-09,0
100448,47.0,436960.3,416.0,427358.38,0,North,,M,Single,2023-06-13,0
100716,47.0,957105.2,689.0,306848.24,4,West,Self-Employed,Female,Married,2023-09-19,0
101855,66.0,818994.71,716.0,430803.35,0,West,Retired,Male,Divorced,11/08/2024,0
101540,45.0,739699.02,330.0,402475.78,0,West,Unemployed,female,Single,2024-07-16,0
100000,23.0,464451.98,377.0,429659.8,3,West,Unemployed,Male,Divorced,2023-01-01,1
101394,30.0,400494.1,568.0,519358.16,2,East,Unemployed,MALE ,Divorced,24-May-2024,0
101101,44.0,782673.48,780.0,128764.37,1,North,Self-Employed,Male,Single,07/02/2024,0
101108,71.0,328467.49,533.0,462880.09,0,East,Employed,F,Widowed,2024-02-09,0
101765,71.0,1081854.57,626.0,464607.89,0,Central,Self-Employed,female,Widowed,06/10/2024,0
100082,27.0,759378.06,694.0,266891.5,2,Central,Self-Employed,FEMALE,Married,30-Jan-2023,1
101628,40.0,,343.0,529686.77,2,Central,Retired,MALE ,Widowed,2024-08-17,0
100676,51.0,812098.5,307.0,809693.31,2,West,Unemployed,Female,Divorced,2023-09-04,0
101471,57.0,898884.83,863.0,539083.97,3,West,Self-Employed,F,Widowed,06/21/2024,0
101046,31.0,647450.97,606.0,325813.47,2,South,Unemployed,female,Widowed,17-Jan-2024,0
100770,55.0,602611.12,469.0,566413.63,3,South,Self-Employed,female,Widowed,09-Oct-2023,0
101232,73.0,446652.4,865.0,708964.88,1,North,Employed,female,Widowed,2024-03-25,0
101298,48.0,847341.64,354.0,527329.98,2,North,Retired,Male,Divorced,19-Apr-2024,0
101652,20.0,1064344.03,786.0,469171.96,1,North,Self-Employed,female,Married,2024-08-26,1
101511,31.0,840537.31,432.0,245559.61,3,Central,Employed,female,Widowed,07/05/2024,1
100404,46.0,857280.27,445.0,265936.55,1,Central,Self-Employed,Male,Single,2023-05-28,0
101753,40.0,693925.11,584.0,730165.47,0,South,Self-Employed,Female,Single,02/10/2024,0
101316,58.0,719239.67,772.0,176879.32,3,West,Unemployed,M,Divorced,2024-04-25,0
101358,23.0,779175.7,833.0,285041.7,3,East,Retired,M,Single,10-May-2024,0
100104,63.0,371345.76,578.0,375209.8,3,East,Employed,F,Married,2023-02-07,0
100688,43.0,258205.73,478.0,136013.67,4,Central,Unemployed,MALE ,Widowed,2023-09-09,0
101323,68.0,761665.38,,384253.5,3,East,Unemployed,FEMALE,Married,04/28/2024,0
100826,56.0,574808.85,457.0,175283.45,0,East,Employed,F,Widowed,29-Oct-2023,1
100062,38.0,911383.07,848.0,614468.12,2,East,Employed,male,Divorced,23-Jan-2023,0
100852,72.0,584792.89,582.0,571189.9,0,West,Self-Employed,male,Married,2023-11-08,1
101804,25.0,794177.09,474.0,127186.33,4,West,Retired,female,Married,2024-10-20,0
100223,29.0,1032944.72,741.0,445622.57,3,North,Unemployed,female,Single,03/23/2023,0
100145,66.0,361937.79,687.0,142562.7,0,Central,Employed,Male,Widowed,22/02/2023,0
101088,55.0,795777.03,393.0,574279.95,1,South,Retired,Female,Divorced,2024-02-02,0
100373,39.0,450529.31,787.0,392108.19,1,Central,Employed,F,Widowed,17/05/2023,1
101440,62.0,561353.11,523.0,299711.82,1,West,Employed,male,Divorced,2024-06-09,0
101142,71.0,702846.62,,506541.23,0,South,Employed,Male,Widowed,22-Feb-2024,0
101854,24.0,724729.54,377.0,740898.85,2,North,Employed,Male,Widowed,08-Nov-2024,0
101517,20.0,624925.58,392.0,534884.66,1,East,Unemployed,FEMALE,Widowed,07/07/2024,1
101624,49.0,1189664.75,682.0,601167.34,2,North,Unemployed,M,Married,2024-08-16,0
101288,23.0,354387.36,826.0,530181.42,0,South,Retired,FEMALE,Single,2024-04-15,0
100009,23.0,926169.8,681.0,757579.16,3,South,Employed,Female,Married,04/01/2023,0
100449,34.0,1207318.4,325.0,592141.63,3,South,Retired,FEMALE,Single,13/06/2023,0
100708,45.0,246237.28,385.0,258305.81,1,East,Employed,female,Widowed,2023-09-16,0
100255,26.0,752745.64,385.0,154091.51,1,West,Unemployed,male,Single,04/04/2023,0
100882,43.0,815344.55,1200.0,513712.0,0,East,Employed,Male,Divorced,19-Nov-2023,0
100389,26.0,,590.0,221217.8,0,West,Self-Employed,M,Widowed,23/05/2023,0
100908,39.0,192901.17,670.0,351798.62,4,South,Employed,male,Married,2023-11-28,0
100924,32.0,454205.03,748.0,265083.96,0,South,,M,Single,2023-12-04,0
101728,43.0,888587.08,627.0,316716.11,4,East,Self-Employed,male,Married,2024-09-23,0
101249,73.0,652819.42,334.0,476709.85,0,West,Self-Employed,female,Divorced,01/04/2024,0
100460,59.0,880287.69,338.0,297158.95,0,East,Unemployed,male,Single,2023-06-17,0
101287,31.0,908446.54,466.0,353237.81,3,West,Employed,female,Widowed,04/14/2024,0
101917,45.0,649520.4,494.0,597285.49,1,East,Unemployed,FEMALE,Married,01/12/2024,0
101168,74.0,562118.82,470.0,371800.76,4,West,Employed,F,Divorced,2024-03-02,0
100958,73.0,351901.17,567.0,87663.81,2,North,Unemployed,F,Divorced,16-Dec-2023,0
100501,55.0,293215.9,683.0,246960.51,1,Central,Unemployed,F,Widowed,02/07/2023,0
100739,69.0,536640.43,826.0,415135.23,3,Central,Employed,female,Married,09/27/2023,0
101878,59.0,388684.3,647.0,342600.96,2,East,Retired,female,Divorced,16-Nov-2024,0
100868,43.0,671990.72,776.0,410077.17,1,West,Employed,M,Married,2023-11-13,1
100731,41.0,215571.35,341.0,422727.55,1,South,Retired,M,Married,09/24/2023,0
100539,19.0,123201.91,731.0,393712.04,1,East,Unemployed,FEMALE,Married,07/16/2023,0
101201,45.0,465405.85,337.0,561848.3,1,Central,Employed,Male,Divorced,14/03/2024,0
100697,51.0,,634.0,309182.58,4,North,Unemployed,Female,Married,12/09/2023,0
101412,32.0,628323.82,577.0,399275.74,3,North,Employed,F,Married,2024-05-30,0
101395,51.0,,644.0,533856.01,3,East,Retired,FEMALE,Married,05/24/2024,1
101145,45.0,877809.51,447.0,289907.68,4,West,Self-Employed,Male,Widowed,23/02/2024,0
101031,27.0,517294.54,818.0,-10821.72,0,Central,Unemployed,female,Divorced,01/12/2024,0
100372,41.0,596548.86,623.0,395698.26,0,East,Self-Employed,FEMALE,Single,2023-05-16,0
100667,67.0,720767.15,381.0,335183.24,4,East,,female,Single,09/01/2023,0
101548,46.0,503371.09,453.0,361824.84,1,North,Self-Employed,male,Single,2024-07-19,0
100357,,707192.51,654.0,371771.22,3,North,Retired,F,Single,11/05/2023,0
100967,36.0,312475.22,626.0,385773.31,3,Central,Unemployed,Male,Married,12/20/2023,0
100783,24.0,456372.48,351.0,569422.35,3,East,Retired,female,Married,10/13/2023,0
100735,56.0,685354.87,614.0,519836.94,2,East,Employed,F,Widowed,09/26/2023,0
101035,60.0,758502.46,506.0,484249.27,1,East,Self-Employed,FEMALE,Widowed,01/13/2024,0
100970,35.0,359516.4,616.0,453536.33,1,North,Self-Employed,FEMALE,Married,21-Dec-2023,0
101547,66.0,680935.0,861.0,291681.66,1,Central,Self-Employed,female,Divorced,07/18/2024,1
101509,56.0,142095.11,718.0,269447.95,4,South,Unemployed,M,Divorced,05/07/2024,0
101546,57.0,851220.14,670.0,252118.75,2,West,Retired,MALE ,Widowed,18-Jul-2024,0
101368,72.0,,652.0,252631.71,1,Central,Unemployed,Female,Single,2024-05-14,0
101881,33.0,846549.82,421.0,369359.58,2,East,Unemployed,male,Divorced,17/11/2024,0
101665,40.0,636078.74,454.0,415210.01,3,North,Employed,Female,Divorced,31/08/2024,1
101252,22.0,278609.5,848.0,611891.19,3,South,Self-Employed,female,Widowed,2024-04-02,0
101718,41.0,685292.25,,456831.54,4,East,Retired,Female,Married,19-Sep-2024,0
101740,42.0,-65379.59,603.0,343039.61,0,Central,Unemployed,female,Widowed,2024-09-27,0
101236,18.0,801197.9,624.0,138880.54,0,Central,Unemployed,Male,Married,2024-03-27,0
100885,59.0,575165.52,845.0,363167.48,0,West,Unemployed,Male,Divorced,20/11/2023,0
100079,56.0,515584.36,821.0,454271.94,0,South  ,Retired,F,Single,01/29/2023,0
101172,40.0,964778.71,447.0,646973.96,1,South,Employed,male,Divorced,2024-03-03,0
100814,62.0,673859.76,328.0,425230.87,1,South,Retired,male,Married,25-Oct-2023,1
101303,69.0,754092.04,508.0,421081.15,0,West,Unemployed,Male,Married,04/20/2024,0
100671,53.0,,835.0,300097.63,1,North,Self-Employed,Male,Single,09/03/2023,1
101554,44.0,1095573.45,827.0,309895.51,1,West,Retired,MALE ,Widowed,21-Jul-2024,0
100057,26.0,123011.66,829.0,212004.21,4,East,Unemployed,Female,Widowed,21/01/2023,0
100133,49.0,932524.83,417.0,276306.61,3,West,Unemployed,MALE ,Widowed,18/02/2023,0
101140,68.0,388178.21,763.0,414956.56,4,South,Self-Employed,Female,Widowed,2024-02-21,0
100933,55.0,,642.0,333353.58,1,West,Unemployed,Male,Single,07/12/2023,0
101709,30.0,1041444.88,452.0,185462.01,1,West,Retired,FEMALE,Widowed,16/09/2024,0
100823,55.0,235416.11,707.0,455201.51,2,South,Employed,Male,Married,10/28/2023,0
101214,22.0,708607.78,368.0,302908.31,0,East,Employed,Female,Single,19-Mar-2024,0
100504,33.0,931260.98,382.0,463637.22,2,Central,,F,Divorced,2023-07-04,0
101801,44.0,856428.41,458.0,498052.41,3,South,Unemployed,M,Single,19/10/2024,0
100347,71.0,791365.1,365.0,462077.11,2,West,,Female,Married,05/07/2023,0
100386,21.0,738156.8,477.0,485261.43,0,East,Retired,Female,Married,21-May-2023,0
101024,64.0,786330.82,884.0,338580.17,4,East,,F,Married,2024-01-09,0
100894,60.0,378847.34,348.0,97792.83,1,South,Retired,Female,Widowed,23-Nov-2023,1
100828,67.0,568575.47,862.0,430000.8,1,East,Self-Employed,Female,Divorced,2023-10-30,0
101922,65.0,566889.37,701.0,308870.64,0,West,Self-Employed,FEMALE,Widowed,02-Dec-2024,0
100475,62.0,302328.64,684.0,446711.4,4,South,Employed,male,Single,06/23/2023,0
101492,19.0,170850.63,,259218.32,2,East,Unemployed,male,Married,2024-06-28,1
101467,39.0,589345.24,697.0,475824.41,0,Central,Retired,Female,Married,06/19/2024,0
101494,41.0,321708.07,467.0,311609.37,0,South,Unemployed,FEMALE,Single,29-Jun-2024,0
100652,29.0,459952.48,407.0,513567.76,1,South,Employed,FEMALE,Widowed,2023-08-27,0
100172,61.0,650949.06,851.0,278705.43,1,South,Unemployed,Female,Widowed,2023-03-04,0
101149,66.0,665674.58,435.0,471970.35,2,East  ,Self-Employed,Female,Married,24/02/2024,1
100038,33.0,735052.49,664.0,449111.66,3,West,Employed,female,Widowed,14-Jan-2023,0
100713,61.0,274832.65,719.0,387426.62,4,Central,Self-Employed,M,Married,18/09/2023,0
100090,42.0,752792.98,443.0,488088.65,0,Central,Retired,Male,Widowed,02-Feb-2023,0
101966,39.0,914096.4,878.0,507494.66,1,Central,Unemployed,male,Married,18-Dec-2024,0
101205,69.0,575086.73,429.0,285908.06,4,West,Self-Employed,F,Widowed,16/03/2024,0
100875,46.0,869738.51,631.0,377906.75,0,East,Retired,Male,Single,11/16/2023,0
101564,49.0,785548.82,347.0,322982.2,3,Central,Retired,MALE ,Single,2024-07-25,0
101919,48.0,777878.43,442.0,580831.08,4,Central,Self-Employed,MALE ,Divorced,12/01/2024,0
101093,40.0,288248.86,775.0,179313.39,0,West,Unemployed,M,Married,04/02/2024,0
101155,51.0,447718.5,669.0,746774.67,0,West,Retired,MALE ,Widowed,02/26/2024,0
101791,68.0,837537.07,618.0,406357.18,4,South,Unemployed,MALE ,Married,10/16/2024,0
101988,30.0,395470.6,688.0,479340.33,1,West,Retired,female,Divorced,2024-12-26,0
100499,42.0,328401.67,414.0,76262.55,3,South,Employed,FEMALE,Single,07/02/2023,1
100338,29.0,29822.87,615.0,611267.33,1,West,Employed,MALE ,Married,04-May-2023,0
101188,50.0,800239.82,385.0,259510.33,0,East,Unemployed,Male,Married,2024-03-09,0
100028,49.0,738180.04,773.0,165444.23,1,West,Employed,MALE ,Married,2023-01-11,0
101217,59.0,,405.0,82413.5,4,South,Employed,Male,Single,20/03/2024,1
101343,50.0,856601.83,498.0,456901.65,3,North,Self-Employed,FEMALE,Widowed,05/05/2024,1
101848,47.0,516186.11,335.0,568991.55,2,North,Unemployed,female,Single,2024-11-05,0
100945,24.0,787964.69,785.0,638909.27,0,South,Unemployed,FEMALE,Single,12/12/2023,0
100169,19.0,665426.16,463.0,483777.28,3,North,Self-Employed,MALE ,Single,03/03/2023,0
101424,32.0,826492.44,816.0,317497.66,4,Central,Unemployed,male,Single,2024-06-04,0
101197,73.0,801248.34,549.0,470330.44,4,Central,Retired,MALE ,Widowed,13/03/2024,1
101253,63.0,673169.86,845.0,540544.98,4,West,Employed,Female,Married,02/04/2024,0
101418,67.0,496478.81,308.0,324755.72,0,Central,Unemployed,female,Single,01-Jun-2024,1
100912,39.0,243478.88,895.0,364798.48,0,West,Unemployed,F,Single,2023-11-30,0
100491,67.0,1096329.6,698.0,456694.39,2,South,Employed,female,Married,06/29/2023,0
100953,42.0,376565.73,724.0,386456.54,1,South,Employed,male,Divorced,15/12/2023,0
101097,61.0,572744.41,733.0,231378.92,2,East,Unemployed,MALE ,Divorced,05/02/2024,1
101032,59.0,1203538.15,688.0,333045.23,4,North,Retired,F,Married,2024-01-12,0
100587,,306021.6,603.0,614721.57,1,East,Self-Employed,MALE ,Divorced,08/03/2023,0
100750,72.0,517893.47,773.0,439797.65,4,East,Employed,Female,Widowed,01-Oct-2023,1
100657,54.0,,657.0,683568.85,4,East,Self-Employed,M,Divorced,28/08/2023,1
100234,46.0,528451.47,480.0,461490.34,1,Central,Retired,FEMALE,Single,27-Mar-2023,0
100732,70.0,700908.29,616.0,441320.89,0,West,Unemployed,MALE ,Divorced,2023-09-25,0
100680,59.0,942384.54,735.0,410118.18,4,East,Self-Employed,M,Married,2023-09-06,0
101655,31.0,1034339.39,705.0,292567.13,3,East,Unemployed,M,Divorced,08/27/2024,1
101156,24.0,666917.81,309.0,257940.58,4,West,Self-Employed,Female,Single,2024-02-27,0
101491,45.0,,350.0,552821.69,2,Central,Employed,F,Widowed,06/28/2024,0
101444,25.0,,,212222.17,0,West,Employed,male,Married,2024-06-11,0
101650,28.0,,309.0,540202.31,2,Central,Retired,MALE ,Married,25-Aug-2024,1
100934,43.0,917826.13,531.0,540545.35,0,West,Self-Employed,male,Single,08-Dec-2023,0
101209,,770257.17,620.0,387500.11,2,South,Retired,male,Widowed,17/03/2024,0
101065,40.0,814871.05,589.0,463702.67,4,West,Unemployed,Male,Divorced,24/01/2024,0
100108,44.0,706696.51,779.0,533412.02,0,Central,Self-Employed,M,Widowed,2023-02-09,0
101565,43.0,,467.0,216200.4,0,North,Self-Employed,F,Single,25/07/2024,0
100568,54.0,410143.06,774.0,360643.28,0,Central  ,Self-Employed,Male,Single,2023-07-27,0
101167,40.0,450298.56,492.0,491318.47,0,West,Unemployed,M,Single,03/02/2024,0
101174,18.0,566957.87,737.0,520497.13,3,West,Unemployed,female,Widowed,04-Mar-2024,0
100890,23.0,910935.85,470.0,236874.68,1,West,Unemployed,Female,Single,22-Nov-2023,0
100947,25.0,947576.43,708.0,576900.67,4,Central,Self-Employed,female,Widowed,12/12/2023,0
101048,56.0,,556.0,165944.88,1,West,Retired,male,Widowed,2024-01-18,0
101370,68.0,858631.39,399.0,473789.53,0,East,Retired,F,Single,15-May-2024,1
101953,44.0,,,367496.01,0,South,Retired,Female,Divorced,14/12/2024,0
101466,54.0,675618.09,433.0,237214.71,0,South,Employed,female,Single,19-Jun-2024,0
100884,64.0,707820.51,557.0,332107.16,1,West,Employed,Male,Widowed,2023-11-19,0
101697,26.0,544359.75,578.0,487724.15,3,North,Retired,male,Divorced,11/09/2024,0
100850,73.0,883159.71,454.0,509958.04,3,North,Self-Employed,male,Single,07-Nov-2023,0
100734,29.0,526649.66,564.0,457308.64,4,South,Retired,female,Married,26-Sep-2023,0
100717,46.0,490124.15,317.0,258259.92,4,North,Self-Employed,MALE ,Divorced,19/09/2023,0
100454,52.0,597647.79,478.0,409897.5,0,North,Self-Employed,Male,Divorced,15-Jun-2023,0
100264,74.0,369307.89,339.0,401326.8,1,Central,Employed,M,Divorced,2023-04-07,1
100075,45.0,824641.59,789.0,545132.56,3,Central,Unemployed,F,Single,01/28/2023,0
101681,18.0,722801.3,547.0,147028.49,0,North,Self-Employed,M,Single,05/09/2024,0
100444,46.0,1207432.96,785.0,357498.52,2,Central,Self-Employed,female,Married,2023-06-12,0
100395,67.0,216697.72,610.0,329361.79,1,North,Self-Employed,Female,Married,05/25/2023,0
100176,58.0,514207.29,774.0,294043.67,3,North,Employed,MALE ,Widowed,2023-03-06,1
101042,41.0,806418.89,863.0,184183.73,3,West,Retired,Female,Married,16-Jan-2024,0
101761,41.0,1110313.9,482.0,403046.2,2,Central,Employed,Male,Single,05/10/2024,0
101421,74.0,930773.66,730.0,351411.63,2,West,Unemployed,female,Divorced,02/06/2024,0
101769,29.0,413894.28,558.0,-69785.72,2,North,Unemployed,female,Married,08/10/2024,1
101798,45.0,476489.17,663.0,514854.33,4,West,Self-Employed,M,Married,18-Oct-2024,1
100595,63.0,445856.22,315.0,445107.18,3,Central,Employed,Female,Single,08/06/2023,0
100061,60.0,648841.76,567.0,735824.75,3,Central,Retired,F,Married,23/01/2023,0
101296,32.0,601255.03,736.0,289560.27,1,West,Unemployed,Female,Widowed,2024-04-18,0
100872,24.0,424826.95,601.0,426222.9,1,East,Employed,F,Divorced,2023-11-15,0
101512,60.0,579982.84,711.0,291190.86,2,East,Self-Employed,F,Married,2024-07-06,0
101908,20.0,89293.09,582.0,551366.79,1,South,Self-Employed,MALE ,Married,2024-11-27,0
100278,21.0,666996.66,586.0,643446.02,2,East,Employed,Female,Divorced,12-Apr-2023,0
100036,66.0,808477.59,315.0,511650.04,1,Central,Employed,MALE ,Widowed,2023-01-14,0
101538,58.0,879855.92,463.0,500592.15,1,North,Self-Employed,Female,Divorced,15-Jul-2024,0
100662,20.0,919460.84,651.0,382649.07,0,East,Unemployed,F,Widowed,30-Aug-2023,0
101834,41.0,892451.12,679.0,417514.01,2,Central,Employed,female,Divorced,31-Oct-2024,0
101464,66.0,906895.27,,162211.81,2,South,Unemployed,F,Single,2024-06-18,0
100977,50.0,555080.88,528.0,545918.85,3,South  ,Self-Employed,FEMALE,Married,23/12/2023,0
101594,,661514.53,770.0,265857.55,2,North,Retired,M,Widowed,05-Aug-2024,0
100738,60.0,1125726.87,329.0,642117.09,1,West,Unemployed,Male,Single,27-Sep-2023,0
100191,53.0,37281.97,556.0,389302.59,0,South,Self-Employed,Female,Widowed,03/11/2023,0
100919,54.0,384110.07,377.0,489292.91,1,East,Self-Employed,female,Single,12/02/2023,0
100456,26.0,1000296.57,308.0,247889.62,4,West,Employed,M,Divorced,2023-06-16,0
100675,59.0,46473.04,813.0,249589.3,3,South,Unemployed,female,Married,09/04/2023,0
100760,28.0,517681.92,670.0,128111.75,2,South,Unemployed,male,Divorced,2023-10-05,0
101835,25.0,868569.42,866.0,425594.06,2,South,Self-Employed,male,Widowed,11/01/2024,0
101625,74.0,767456.23,723.0,218066.4,0,North,Self-Employed,F,Widowed,16/08/2024,0
100728,45.0,,586.0,15889.39,1,South,Self-Employed,Female,Widowed,2023-09-23,1
101399,35.0,929849.29,400.0,430070.16,3,South,Unemployed,female,Widowed,05/25/2024,0
100412,33.0,1018402.85,867.0,245915.41,4,South,Retired,Male,Single,2023-05-31,1
101098,20.0,606782.23,539.0,400829.67,1,South,Self-Employed,MALE ,Single,05-Feb-2024,0
100825,23.0,718460.6,753.0,558963.04,2,East,Retired,Male,Divorced,29/10/2023,1
101519,44.0,676776.26,637.0,375831.47,3,North,Retired,male,Single,07/08/2024,0
100616,32.0,474232.73,415.0,518724.84,0,South,Employed,male,Married,2023-08-13,0
100114,46.0,612188.09,406.0,529872.55,3,South,Self-Employed,FEMALE,Divorced,11-Feb-2023,0
100417,24.0,211975.36,479.0,693203.88,4,North,Employed,Male,Married,02/06/2023,0
101940,27.0,655009.32,640.0,392353.62,0,North,Self-Employed,Female,Widowed,2024-12-09,0
100969,20.0,641676.32,759.0,475069.68,4,Central,Retired,FEMALE,Widowed,20/12/2023,1
100604,-5.0,595016.05,637.0,-4100.39,0,West,Self-Employed,MALE ,Widowed,2023-08-09,0
101948,18.0,1136149.45,445.0,524306.71,1,East,Self-Employed,Female,Married,2024-12-12,0
100089,65.0,687460.6,460.0,330753.67,0,South,Self-Employed,FEMALE,Married,02/02/2023,0
100848,64.0,534468.23,347.0,141154.78,4,North,Unemployed,Male,Divorced,2023-11-06,0
101542,,573218.23,571.0,521123.09,3,South,Self-Employed,M,Single,17-Jul-2024,0
101947,70.0,739341.24,396.0,364780.09,2,West,Employed,FEMALE,Widowed,12/12/2024,0
100753,71.0,,,454150.17,3,East,Unemployed,Male,Divorced,02/10/2023,0
100498,70.0,660064.13,396.0,449971.38,4,East,Employed,Female,Married,01-Jul-2023,0
101276,55.0,885648.41,322.0,532628.16,0,East,Self-Employed,Male,Widowed,2024-04-10,0
101325,28.0,950675.2,328.0,99494.63,2,West,Retired,M,Widowed,28/04/2024,0
100011,73.0,295789.48,527.0,338840.38,0,East,Self-Employed,FEMALE,Divorced,01/05/2023,0
100396,20.0,865500.01,519.0,404355.94,2,West,Employed,Male,Divorced,2023-05-25,0
100284,43.0,1029198.16,742.0,459585.11,0,South,Employed,Male,Divorced,2023-04-14,0
101066,70.0,550771.54,639.0,277707.04,4,North,Retired,male,Married,25-Jan-2024,1
101191,33.0,819371.21,363.0,194932.92,3,Central,,female,Married,03/10/2024,1
101770,37.0,591212.34,593.0,457426.86,3,South,,F,Single,08-Oct-2024,0
100690,74.0,210046.07,319.0,265533.23,4,Central,Employed,MALE ,Married,09-Sep-2023,0
101654,26.0,479227.05,832.0,371766.62,2,West,Self-Employed,M,Married,27-Aug-2024,0
101905,31.0,381596.07,580.0,616915.62,3,East,Unemployed,female,Married,26/11/2024,0
100689,62.0,747118.55,872.0,165230.74,0,Central,Unemployed,F,Divorced,09/09/2023,0
100851,63.0,770995.57,570.0,385567.98,3,West,Self-Employed,female,Divorced,11/07/2023,1
100159,62.0,1092835.31,570.0,425640.76,4,Central,Self-Employed,Female,Single,02/28/2023,0
100895,52.0,1003128.27,802.0,247301.69,3,South,Employed,M,Married,11/23/2023,0
101840,42.0,171108.71,327.0,222419.82,3,North,Retired,Female,Married,2024-11-02,0
100257,23.0,424775.75,728.0,447743.68,2,West,Unemployed,Male,Divorced,04/04/2023,0
100335,64.0,803567.61,850.0,364075.2,2,Central,Unemployed,FEMALE,Widowed,05/03/2023,0
101909,71.0,319451.01,897.0,560951.39,4,Central,Employed,female,Widowed,28/11/2024,0
101039,65.0,626451.36,475.0,429372.76,3,Central,Unemployed,male,Married,01/15/2024,1
100515,24.0,678646.11,647.0,359830.81,4,Central,Unemployed,F,Single,07/08/2023,0
101348,59.0,741583.23,829.0,472046.17,4,East,Employed,FEMALE,Married,2024-05-07,1
101015,65.0,657761.8,831.0,81248.48,2,Central,Retired,M,Divorced,01/06/2024,0
100768,25.0,878656.01,338.0,463967.11,3,South,Retired,female,Divorced,2023-10-08,1
101913,62.0,726395.05,553.0,358771.88,0,East,Employed,Female,Married,29/11/2024,0
100761,49.0,668318.83,439.0,440253.85,4,North,Unemployed,male,Widowed,05/10/2023,0
101246,67.0,1094580.23,704.0,416527.09,2,East,Unemployed,FEMALE,Divorced,31-Mar-2024,0
101203,61.0,437295.09,793.0,416903.68,4,East,Retired,F,Widowed,03/15/2024,1
101489,,898984.67,877.0,447301.3,3,North,Retired,female,Married,27/06/2024,0
100971,41.0,480681.45,612.0,236753.83,3,West,Unemployed,Male,Divorced,12/21/2023,0
100521,26.0,732091.99,879.0,307453.07,3,East,Unemployed,female,Widowed,10/07/2023,0
100022,28.0,529302.46,405.0,364079.34,2,West,Self-Employed,F,Widowed,09-Jan-2023,0
100356,26.0,259278.91,885.0,651635.42,2,South,Self-Employed,male,Single,2023-05-11,0
101277,62.0,773074.23,507.0,490232.5,0,South,Retired,MALE ,Single,11/04/2024,0
101312,62.0,153964.19,442.0,517778.85,0,West,Unemployed,Female,Widowed,2024-04-24,0
101915,47.0,838095.93,348.0,396798.04,0,Central,Self-Employed,female,Divorced,11/30/2024,0
100340,54.0,958225.48,808.0,519678.88,2,West,Retired,male,Single,2023-05-05,0
100431,60.0,793886.63,882.0,665726.39,1,East,Unemployed,F,Single,06/07/2023,1
100473,44.0,483843.5,656.0,269972.15,1,North,Unemployed,MALE ,Divorced,22/06/2023,0
100217,23.0,,338.0,468401.83,2,East,Retired,MALE ,Married,21/03/2023,1
100911,28.0,1006332.24,652.0,135699.96,4,Central,Employed,M,Widowed,11/29/2023,0
101227,74.0,693251.78,448.0,734767.92,3,North,Employed,male,Widowed,03/24/2024,0
101619,74.0,670679.55,875.0,773388.13,0,South,Self-Employed,female,Divorced,08/14/2024,0
101011,63.0,1043770.71,833.0,126706.27,1,South,Unemployed,FEMALE,Single,01/05/2024,0
101979,63.0,1050011.82,777.0,656104.3,3,Central,Unemployed,male,Widowed,12/23/2024,0
100093,40.0,611578.72,368.0,424249.36,3,West,Retired,FEMALE,Single,03/02/2023,1
101008,59.0,842464.22,,569495.56,1,South,Retired,M,Widowed,2024-01-04,0
101070,56.0,899138.72,407.0,188269.41,2,East,Employed,Male,Widowed,26-Jan-2024,0
101092,66.0,376776.19,675.0,552084.53,3,East,Self-Employed,FEMALE,Widowed,2024-02-03,1
101608,31.0,745317.85,,507793.24,2,East,Unemployed,Male,Widowed,2024-08-10,0
101308,41.0,-115944.97,510.0,385441.13,1,North,Retired,MALE ,Divorced,2024-04-22,0
100696,59.0,1099571.93,,329221.05,2,West,Self-Employed,FEMALE,Single,2023-09-12,0
101820,35.0,635889.73,427.0,310644.51,0,North,Retired,M,Single,2024-10-26,1
100996,48.0,590967.48,302.0,504950.99,1,Central,Self-Employed,female,Widowed,2023-12-30,1
101458,,933447.32,781.0,353185.7,3,Central,Unemployed,MALE ,Divorced,16-Jun-2024,0
100153,34.0,762579.32,453.0,135307.59,2,East,Unemployed,F,Divorced,25/02/2023,0
101099,42.0,891137.67,849.0,276355.12,3,North,Employed,FEMALE,Divorced,02/06/2024,0
101743,19.0,637342.97,787.0,139911.64,1,South,Unemployed,FEMALE,Widowed,09/28/2024,0
101826,23.0,520925.6,820.0,384252.29,4,North,Employed,male,Single,28-Oct-2024,0
100789,18.0,1077485.99,792.0,356233.94,1,Central,Retired,FEMALE,Widowed,16/10/2023,0
100580,23.0,449189.98,420.0,379317.67,3,West,Unemployed,F,Widowed,2023-07-31,0
101470,69.0,719103.59,693.0,319745.58,1,West,Employed,FEMALE,Widowed,20-Jun-2024,0
100703,27.0,627669.9,629.0,274692.96,2,North,Self-Employed,MALE ,Single,09/14/2023,0
101212,44.0,556647.77,728.0,499221.76,3,North,Unemployed,Male,Divorced,2024-03-18,0
101295,47.0,684551.28,555.0,450376.85,4,South,Self-Employed,M,Divorced,04/17/2024,0
101690,62.0,-100000.0,514.0,-15793.34,3,West,Retired,F,Single,09-Sep-2024,0
101260,33.0,794820.49,450.0,259640.02,1,West,Unemployed,FEMALE,Divorced,2024-04-05,0
100487,48.0,1016795.31,494.0,175883.15,2,South,Retired,Male,Married,06/27/2023,0
100559,66.0,949629.96,475.0,562841.41,4,North,Unemployed,F,Single,07/24/2023,0
101141,37.0,450461.66,302.0,366877.18,1,West,Employed,F,Married,21/02/2024,0
101119,46.0,626178.55,326.0,520269.39,3,West,Self-Employed,F,Divorced,02/13/2024,0
100801,35.0,420561.62,637.0,388244.05,4,West,Retired,MALE ,Divorced,20/10/2023,1
100512,65.0,1076463.17,672.0,488477.54,4,East,Employed,F,Married,2023-07-06,0
100633,39.0,636266.28,369.0,454388.95,1,South,Employed,FEMALE,Single,20/08/2023,0
101501,32.0,815486.9,856.0,392056.2,0,South,Employed,Male,Single,02/07/2024,0
101814,68.0,484732.73,791.0,272825.27,3,South,Retired,FEMALE,Divorced,24-Oct-2024,0
101568,69.0,911410.03,780.0,460354.8,3,West,Self-Employed,Male,Widowed,2024-07-26,0
101150,39.0,676883.55,514.0,198968.74,2,West,Self-Employed,FEMALE,Divorced,24-Feb-2024,1
100790,23.0,1216911.05,736.0,736275.67,3,East,Employed,M,Single,16-Oct-2023,0
100116,20.0,665479.12,534.0,488310.34,2,East,Unemployed,Male,Widowed,2023-02-12,0
101497,62.0,,435.0,472555.21,4,West,Unemployed,FEMALE,Divorced,30/06/2024,0
100740,64.0,714951.96,789.0,306515.62,4,South,Unemployed,Male,Divorced,2023-09-28,0
101775,25.0,442119.31,507.0,330612.58,1,East,Retired,M,Widowed,10/10/2024,0
101081,74.0,675564.16,532.0,243497.47,4,North,Employed,FEMALE,Divorced,30/01/2024,0
100830,32.0,612981.9,322.0,348924.09,3,North,Retired,Female,Single,31-Oct-2023,0
100119,24.0,300472.59,579.0,559526.34,3,Central,Unemployed,Male,Divorced,02/13/2023,0
100656,61.0,943876.64,818.0,577079.09,2,North,Unemployed,female,Divorced,2023-08-28,0
101937,49.0,547775.23,444.0,573733.4,2,West,Retired,Female,Married,08/12/2024,0
100635,57.0,966134.95,323.0,34249.39,0,South,Unemployed,female,Divorced,08/20/2023,0
100369,62.0,767138.19,498.0,405682.0,0,South,Self-Employed,F,Single,15/05/2023,0
100268,52.0,451868.54,781.0,405126.66,2,North,Retired,FEMALE,Single,2023-04-08,0
100655,48.0,840463.69,651.0,449546.1,2,North,Unemployed,male,Single,08/28/2023,0
100935,71.0,800734.24,300.0,486759.73,4,South,Retired,FEMALE,Widowed,12/08/2023,0
100822,25.0,903878.8,312.0,580850.97,3,Central,Employed,F,Married,28-Oct-2023,0
100866,64.0,753654.07,589.0,314733.69,3,Central,Retired,MALE ,Married,13-Nov-2023,0
100046,43.0,236226.16,806.0,579494.18,0,North,Employed,MALE ,Married,17-Jan-2023,0
101373,41.0,1019865.54,608.0,560880.0,2,North,Retired,FEMALE,Married,16/05/2024,0
101745,,631307.77,,605660.11,2,South,Unemployed,male,Divorced,29/09/2024,0
100991,49.0,578408.47,329.0,480445.21,4,South,Unemployed,FEMALE,Widowed,12/28/2023,0
100876,48.0,275656.71,580.0,487093.39,4,Central,Self-Employed,F,Divorced,2023-11-16,0
100773,58.0,552841.7,505.0,645463.78,3,Central,Retired,Male,Divorced,10/10/2023,0
101219,43.0,619548.69,331.0,177968.1,2,South,Retired,female,Widowed,03/21/2024,0
101300,61.0,596431.26,756.0,518291.67,3,East,Employed,FEMALE,Married,2024-04-19,0
100004,42.0,623454.52,846.0,596187.34,0,South,Employed,female,Widowed,2023-01-02,0
101003,68.0,591041.44,436.0,683406.93,0,North,Employed,MALE ,Divorced,01/02/2024,0
101749,59.0,,791.0,347242.13,4,Central,Unemployed,MALE ,Widowed,30/09/2024,0
100263,70.0,512611.84,357.0,361402.32,2,West,Retired,M,Divorced,04/07/2023,0
101592,39.0,1022531.09,553.0,453571.29,4,East,Self-Employed,FEMALE,Single,2024-08-04,0
101858,47.0,620933.34,859.0,329498.69,3,South,Employed,MALE ,Divorced,09-Nov-2024,0
100443,45.0,545287.81,360.0,342935.09,3,North,Unemployed,F,Divorced,06/11/2023,0
101002,49.0,849136.01,664.0,375815.59,2,North,Self-Employed,Male,Single,01-Jan-2024,0
101077,27.0,305212.69,,532511.83,2,North  ,Unemployed,FEMALE,Divorced,29/01/2024,0
100837,29.0,673088.51,321.0,404734.85,4,East,Unemployed,male,Divorced,02/11/2023,0
101817,32.0,746192.14,,-111306.81,2,Central,Self-Employed,male,Single,25/10/2024,0
100304,48.0,1012336.2,387.0,432301.57,4,East,Self-Employed,male,Single,2023-04-22,0
101365,19.0,715188.6,781.0,353320.11,2,South,Retired,FEMALE,Married,13/05/2024,0
101580,34.0,1155159.92,520.0,279089.88,2,Central,Retired,MALE ,Single,2024-07-30,0
100313,34.0,948404.64,316.0,547160.92,0,South,Retired,Female,Single,25/04/2023,0
100149,21.0,933420.12,862.0,409241.55,4,North,Self-Employed,Female,Divorced,24/02/2023,0
101148,57.0,585197.69,451.0,445700.42,1,East,Retired,female,Single,2024-02-24,0
101213,67.0,1180285.85,318.0,268655.69,0,East,Self-Employed,male,Divorced,18/03/2024,0
100574,18.0,859980.65,778.0,521367.62,1,Central,Self-Employed,Male,Divorced,29-Jul-2023,1
100050,61.0,581537.37,438.0,354261.67,3,Central,Unemployed,FEMALE,Married,19-Jan-2023,1
101575,36.0,569864.91,623.0,613831.21,2,South,Employed,FEMALE,Widowed,07/29/2024,1
100726,59.0,517030.63,345.0,677929.75,0,East,Self-Employed,MALE ,Single,23-Sep-2023,0
100833,26.0,640073.43,635.0,507250.87,1,West,Retired,FEMALE,Single,01/11/2023,1
101377,60.0,852933.93,558.0,438009.69,4,Central,Retired,female,Divorced,17/05/2024,0
101115,45.0,361581.27,783.0,341529.17,1,South,Employed,M,Widowed,02/12/2024,1
101166,19.0,731022.31,804.0,360988.52,0,East,Self-Employed,Female,Single,01-Mar-2024,0
100470,60.0,-88904.71,862.0,511962.73,4,South,Retired,male,Widowed,21-Jun-2023,0
100971,41.0,480681.45,612.0,236753.83,3,West,Unemployed,Male,Divorced,12/21/2023,0
100653,63.0,794350.64,507.0,530305.4,3,West,Unemployed,MALE ,Single,27/08/2023,0
100399,35.0,368253.02,398.0,568267.62,4,Central,Employed,Female,Single,05/26/2023,0
100511,60.0,552330.6,511.0,460920.59,4,East,Employed,Male,Widowed,07/06/2023,0
100320,36.0,,755.0,329981.62,2,West,Self-Employed,male,Divorced,2023-04-27,0
100019,43.0,298932.73,749.0,601038.16,4,West,Employed,male,Widowed,01/07/2023,1
100684,27.0,968220.69,695.0,319031.75,1,East,Unemployed,male,Divorced,2023-09-07,0
100035,21.0,546381.73,,361924.37,4,East,Unemployed,Female,Widowed,01/13/2023,1
100902,30.0,708892.47,431.0,393518.53,2,West,Retired,Female,Single,26-Nov-2023,0
101805,20.0,588917.79,689.0,174841.08,0,Central,Retired,F,Widowed,21/10/2024,0
100827,69.0,186959.54,496.0,640131.27,1,West,Unemployed,M,Divorced,10/30/2023,1
101824,62.0,622865.84,746.0,326932.63,2,East,Self-Employed,FEMALE,Single,2024-10-28,0
100407,26.0,643925.65,513.0,477865.45,1,East,Self-Employed,Female,Married,05/29/2023,0
100920,67.0,699908.75,642.0,499943.09,0,Central,Unemployed,Male,Widowed,2023-12-02,0
100537,24.0,597066.55,899.0,458395.81,2,East,Employed,FEMALE,Divorced,16/07/2023,0
100758,25.0,674401.0,583.0,518927.07,0,East,Employed,Female,Divorced,04-Oct-2023,0
101934,26.0,298374.84,867.0,324681.23,2,Central,Employed,MALE ,Single,07-Dec-2024,0
101062,26.0,530479.24,771.0,435196.93,1,South,Retired,male,Single,23-Jan-2024,0
101199,53.0,1353162.31,653.0,-30443.0,1,North,Employed,male,Divorced,03/13/2024,0
100245,22.0,,334.0,344860.68,1,North,Self-Employed,Female,Single,31/03/2023,0
101416,54.0,520746.44,782.0,335606.29,3,Central,Unemployed,F,Widowed,2024-06-01,0
101127,54.0,673648.13,870.0,582994.49,4,South,,male,Married,02/16/2024,0
100784,45.0,495263.36,823.0,351769.63,1,East,Self-Employed,M,Married,2023-10-14,0
101793,33.0,476383.69,651.0,121226.81,4,Central,Unemployed,Male,Married,16/10/2024,0
100489,52.0,1224897.27,363.0,151694.12,1,East,Self-Employed,female,Widowed,28/06/2023,0
100154,42.0,650777.14,525.0,482551.77,4,North,Employed,Male,Married,26-Feb-2023,0
100961,41.0,866556.3,753.0,427439.31,3,Central,Self-Employed,female,Married,17/12/2023,0
100853,31.0,123077.65,773.0,267892.31,0,East,Unemployed,Female,Widowed,08/11/2023,0
101311,37.0,513365.55,323.0,621749.37,2,East,Employed,female,Widowed,04/23/2024,0
100625,31.0,606540.57,653.0,426833.76,0,South,Retired,F,Married,17/08/2023,0
100685,63.0,784074.24,849.0,518062.67,1,North,Employed,Female,Widowed,08/09/2023,0
101991,42.0,696091.68,606.0,396985.82,4,South,Self-Employed,female,Divorced,12/28/2024,0
100569,50.0,837305.73,486.0,374598.62,3,Central,Employed,F,Widowed,27/07/2023,0
101938,72.0,660295.01,480.0,569807.71,0,West,Self-Employed,F,Married,08-Dec-2024,0
100017,25.0,743596.61,568.0,275668.73,3,West,Retired,male,Divorced,07/01/2023,0
100127,61.0,485986.27,454.0,67707.98,4,West,Retired,MALE ,Married,02/16/2023,0
101346,66.0,663984.84,789.0,539087.58,1,South,Employed,F,Divorced,06-May-2024,1
101279,67.0,254458.25,774.0,103408.19,2,Central,Unemployed,female,Widowed,04/12/2024,1
101998,33.0,250012.67,787.0,124051.75,4,West,Retired,male,Single,30-Dec-2024,0
100927,35.0,,535.0,414354.31,3,North,Unemployed,female,Divorced,12/05/2023,1
100980,51.0,422724.28,894.0,428071.3,1,Central,Employed,Male,Divorced,2023-12-24,0
101994,60.0,643141.66,763.0,231765.09,1,South,Retired,FEMALE,Divorced,29-Dec-2024,1
100190,56.0,1018238.39,374.0,452465.77,0,East,Retired,Female,Divorced,11-Mar-2023,0
101139,48.0,1000220.47,861.0,304213.57,2,South,Self-Employed,F,Married,02/20/2024,0
100992,29.0,503487.09,887.0,342124.18,4,West,Employed,male,Widowed,2023-12-29,1
101985,63.0,576357.81,697.0,534367.08,4,South,Unemployed,male,Divorced,25/12/2024,0
101680,71.0,521590.93,685.0,499389.72,1,North,Unemployed,male,Divorced,2024-09-05,0
100606,36.0,646765.31,784.0,420498.48,4,East,Unemployed,male,Divorced,10-Aug-2023,0
100180,71.0,553938.52,710.0,250002.28,1,North,,M,Divorced,2023-03-07,0
100301,65.0,812562.25,348.0,287194.56,0,West,,MALE ,Single,20/04/2023,0
100496,24.0,764926.49,361.0,190350.42,2,South,Unemployed,Male,Divorced,2023-07-01,0
101720,23.0,590057.25,869.0,360348.45,3,North,Self-Employed,male,Married,2024-09-20,0
101734,67.0,,755.0,153129.82,1,South,Self-Employed,MALE ,Divorced,25-Sep-2024,0
100129,54.0,1044796.38,401.0,376402.33,3,West,Employed,Male,Divorced,17/02/2023,0
101866,24.0,401077.44,413.0,315644.74,2,South,Unemployed,Female,Single,12-Nov-2024,0
100517,21.0,844402.38,594.0,431817.06,2,North,Self-Employed,male,Widowed,08/07/2023,0
101642,43.0,317280.69,527.0,317196.06,1,South,Retired,Male,Divorced,22-Aug-2024,0
101069,18.0,534361.07,484.0,209357.07,1,Central,Unemployed,FEMALE,Widowed,26/01/2024,0
100476,66.0,1009676.37,714.0,455058.03,1,Central,Retired,MALE ,Widowed,2023-06-23,0
100157,49.0,603956.06,693.0,367050.75,2,West,Employed,female,Divorced,27/02/2023,0
101243,45.0,847598.37,395.0,434345.49,0,North,Employed,F,Widowed,03/29/2024,0
101195,54.0,975289.59,659.0,469202.52,2,East,Retired,M,Widowed,03/12/2024,0
100016,47.0,833895.77,566.0,305658.2,0,East,,M,Divorced,2023-01-06,0
101535,19.0,902167.09,487.0,495311.4,3,East,Employed,MALE ,Divorced,07/14/2024,0
101072,61.0,723648.21,899.0,452735.62,1,South,Employed,FEMALE,Divorced,2024-01-27,0
101050,46.0,484924.97,613.0,315418.8,2,East,Self-Employed,FEMALE,Divorced,19-Jan-2024,0
100546,42.0,150633.33,582.0,464145.43,0,North,Self-Employed,female,Single,19-Jul-2023,0
101539,53.0,1030425.11,312.0,320089.65,0,South,Unemployed,Male,Widowed,07/16/2024,1
100658,22.0,933013.07,375.0,511390.74,2,West,Self-Employed,Female,Married,29-Aug-2023,0
101670,61.0,596511.71,384.0,297538.66,3,East,Self-Employed,Female,Single,01-Sep-2024,0
101019,24.0,699595.29,498.0,493986.46,4,West,Employed,Female,Widowed,01/08/2024,0
101686,42.0,443297.72,386.0,501103.48,0,South,Retired,male,Married,07-Sep-2024,0
101504,52.0,541691.84,616.0,159658.79,1,South,Self-Employed,Female,Single,2024-07-03,0
100959,41.0,504221.23,851.0,410588.44,2,South,Self-Employed,FEMALE,Divorced,12/17/2023,0
101911,68.0,442178.54,887.0,181805.86,3,North,,Male,Widowed,11/28/2024,1
100283,45.0,891824.81,820.0,462819.67,2,North,Unemployed,M,Divorced,04/14/2023,0
100797,44.0,387028.18,448.0,392836.81,3,West,Unemployed,FEMALE,Divorced,19/10/2023,0
101649,65.0,648108.18,348.0,425550.82,1,South,Employed,F,Widowed,25/08/2024,0
100225,35.0,585836.47,727.0,246360.65,0,Central,Employed,male,Divorced,24/03/2023,0
100026,40.0,978701.97,708.0,307291.84,0,North,,male,Widowed,10-Jan-2023,0
101797,28.0,514499.02,321.0,570179.87,3,Central,Retired,female,Single,18/10/2024,0
100437,70.0,504837.15,593.0,201342.67,0,East,Self-Employed,female,Divorced,09/06/2023,1
101978,21.0,706790.7,739.0,363625.48,1,West,Employed,female,Divorced,23-Dec-2024,1
101388,68.0,103389.51,360.0,458143.87,2,East,Employed,MALE ,Single,2024-05-21,0
100229,28.0,343000.03,410.0,491058.02,4,West,Employed,Female,Widowed,25/03/2023,0
100037,65.0,650748.32,769.0,516284.38,4,North,Unemployed,FEMALE,Widowed,14/01/2023,0
100749,26.0,504079.91,,443961.5,3,West,Unemployed,M,Divorced,01/10/2023,0
101045,26.0,814699.34,855.0,441345.52,1,North,Unemployed,female,Widowed,17/01/2024,0
101398,19.0,1020024.8,842.0,428211.11,2,South,Self-Employed,Male,Widowed,25-May-2024,0
100469,71.0,540003.07,,379726.96,3,South,Self-Employed,Male,Married,21/06/2023,0
101717,39.0,278615.21,613.0,425312.14,2,East,Retired,female,Married,19/09/2024,0
101997,74.0,657081.69,627.0,491659.18,1,East,Employed,M,Divorced,30/12/2024,0
100687,51.0,590888.4,572.0,244999.38,2,East,Retired,FEMALE,Married,09/08/2023,0
101871,29.0,949084.87,872.0,532509.94,4,North,Self-Employed,male,Married,11/14/2024,0
100639,72.0,777019.78,597.0,520176.76,0,East,Retired,FEMALE,Single,08/22/2023,0
101737,23.0,702716.15,618.0,527450.54,3,North,Retired,Female,Widowed,26/09/2024,0
101218,64.0,654333.66,563.0,392013.88,1,South,Employed,M,Single,20-Mar-2024,0
101158,39.0,698295.39,849.0,268336.59,4,East,Retired,female,Married,27-Feb-2024,0
101415,62.0,266783.78,813.0,391364.54,3,North,Self-Employed,Male,Divorced,05/31/2024,0
101527,25.0,922664.98,549.0,538686.3,1,South,Retired,Female,Widowed,07/11/2024,0
101679,47.0,,899.0,428463.48,1,Central,Self-Employed,Male,Married,09/05/2024,0
101300,61.0,596431.26,756.0,518291.67,3,East,Employed,FEMALE,Married,2024-04-19,0
101850,22.0,844967.4,503.0,333621.03,2,South,Unemployed,Female,Divorced,06-Nov-2024,0
100800,18.0,860531.74,390.0,384282.0,3,North,Unemployed,M,Widowed,2023-10-20,0
101603,36.0,1218247.96,711.0,650542.06,2,South,Employed,FEMALE,Divorced,08/08/2024,0
100160,74.0,625388.5,585.0,283281.42,4,North,Self-Employed,male,Widowed,2023-02-28,0
100956,40.0,,,446226.26,2,North,Employed,Female,Divorced,2023-12-16,0
101186,26.0,381106.93,848.0,439513.79,3,South,Retired,Female,Divorced,09-Mar-2024,0
100821,55.0,725388.08,502.0,640954.17,0,West,Unemployed,male,Widowed,27/10/2023,0
101706,74.0,771299.56,798.0,161053.68,3,North,Unemployed,FEMALE,Widowed,15-Sep-2024,0
100877,60.0,322425.81,545.0,193284.8,1,North,Self-Employed,female,Married,17/11/2023,0
100913,73.0,831213.67,301.0,581762.34,1,South,Employed,M,Married,30/11/2023,0
100152,70.0,402843.21,708.0,482793.23,0,South,Unemployed,F,Single,2023-02-25,0
101864,65.0,895168.32,698.0,255765.19,2,North,Employed,female,Widowed,2024-11-11,0
101803,32.0,891931.35,505.0,530270.85,2,Central,Self-Employed,F,Single,10/20/2024,1
100509,31.0,1173999.69,560.0,362967.12,3,Central,Unemployed,MALE ,Divorced,05/07/2023,0
101135,21.0,471545.13,600.0,410493.79,3,East,Retired,male,Widowed,02/19/2024,0
101250,31.0,625481.61,432.0,449140.09,0,North,Unemployed,female,Single,01-Apr-2024,0
101688,71.0,503520.45,789.0,100613.86,0,South,Unemployed,Female,Widowed,2024-09-08,0
100103,18.0,600778.58,423.0,377599.71,4,North,Unemployed,Female,Divorced,02/07/2023,0
101445,20.0,,466.0,360388.6,4,South,Retired,Male,Married,11/06/2024,0
101443,42.0,424741.49,456.0,571898.55,2,West,Employed,FEMALE,Married,06/10/2024,0
101764,50.0,324516.36,852.0,551922.06,4,East,Self-Employed,FEMALE,Divorced,2024-10-06,0
100586,57.0,558632.6,832.0,294376.01,1,East,Self-Employed,male,Widowed,02-Aug-2023,0
101936,39.0,515725.75,547.0,592184.58,4,West,Unemployed,F,Married,2024-12-07,0
101143,66.0,747613.73,385.0,595709.75,2,West,,Female,Divorced,02/22/2024,1
100053,44.0,734968.84,565.0,298181.77,1,East,Self-Employed,MALE ,Married,20/01/2023,0
100151,34.0,738008.62,481.0,222255.22,3,East,Self-Employed,MALE ,Single,02/25/2023,0
100403,73.0,271311.31,872.0,453768.94,2,West,Self-Employed,F,Widowed,05/28/2023,0
101972,56.0,462318.85,888.0,479202.8,3,North,Employed,female,Married,2024-12-21,0
100207,73.0,628787.37,766.0,140004.84,3,North,Unemployed,F,Single,03/17/2023,0
101924,38.0,755404.21,808.0,356879.33,1,South,Employed,MALE ,Divorced,2024-12-03,0
101122,33.0,766954.95,640.0,355707.93,0,East  ,Unemployed,female,Widowed,14-Feb-2024,0
101776,36.0,205908.09,463.0,555456.14,4,West,Retired,female,Widowed,2024-10-10,1
100008,29.0,389603.09,646.0,290950.84,0,Central,Employed,FEMALE,Single,2023-01-03,0
101014,47.0,509887.63,624.0,412012.39,2,Central,Self-Employed,Male,Married,06-Jan-2024,0
101823,67.0,,425.0,419877.91,3,North,Retired,MALE ,Married,10/27/2024,0
101060,61.0,-472.08,492.0,295501.01,3,Central,Retired,male,Single,2024-01-23,0
100452,46.0,657005.55,395.0,225714.97,1,East,Self-Employed,FEMALE,Married,2023-06-15,0
101675,74.0,407650.36,366.0,384592.91,2,Central,Employed,female,Divorced,09/03/2024,0
100253,36.0,638890.96,878.0,273530.1,3,West,Retired,Female,Married,03/04/2023,0
101327,22.0,941236.11,314.0,287031.34,2,South,Retired,F,Married,04/29/2024,1
100896,47.0,906024.71,842.0,580063.06,3,West,Retired,MALE ,Married,2023-11-24,0
101759,51.0,423798.12,537.0,571689.0,0,North,,Male,Divorced,10/04/2024,0
100880,22.0,370423.55,713.0,620458.56,0,North,Employed,M,Married,2023-11-18,0
101595,27.0,982039.16,548.0,68508.33,1,South,Unemployed,FEMALE,Widowed,08/05/2024,1
101918,43.0,725866.73,304.0,579875.57,0,East,Employed,Male,Widowed,01-Dec-2024,0
100623,41.0,303389.44,777.0,417715.52,3,South,Unemployed,female,Single,08/16/2023,0
100345,32.0,481221.51,337.0,297989.63,0,Central,Employed,M,Married,06/05/2023,0
101727,50.0,999784.1,380.0,478431.95,3,South,Self-Employed,FEMALE,Married,09/22/2024,0
100262,35.0,791546.94,439.0,608434.04,3,Central,Unemployed,M,Single,06-Apr-2023,0
101634,41.0,1002829.25,862.0,460786.01,3,West,Employed,female,Divorced,19-Aug-2024,0
101321,33.0,892751.58,554.0,479737.9,0,East,Self-Employed,F,Divorced,27/04/2024,0
101438,36.0,238125.93,678.0,583774.22,0,North,Self-Employed,MALE ,Married,09-Jun-2024,0
100150,66.0,559682.39,468.0,285196.67,0,Central,Unemployed,Male,Single,24-Feb-2023,0
100472,42.0,930210.16,487.0,375273.34,1,West,Employed,male,Widowed,2023-06-22,1
100640,56.0,698815.76,479.0,422309.23,0,Central,Retired,MALE ,Single,2023-08-22,0
101538,58.0,879855.92,463.0,500592.15,1,North,Self-Employed,Female,Divorced,15-Jul-2024,0
101912,18.0,749102.13,625.0,273780.98,0,North,Employed,male,Married,2024-11-29,0
100550,63.0,978006.32,369.0,289710.51,2,East,Retired,FEMALE,Married,20-Jul-2023,0
101983,60.0,357581.0,691.0,256427.08,1,North,Retired,female,Single,12/25/2024,0
100928,41.0,504601.52,549.0,221871.01,4,West,Unemployed,female,Divorced,2023-12-05,0
100488,61.0,621447.53,872.0,392026.53,0,West,Retired,M,Single,2023-06-28,1
101839,-5.0,1081533.09,341.0,169383.56,4,West,Employed,MALE ,Divorced,11/02/2024,1
101171,53.0,729773.71,673.0,519303.31,1,Central,Employed,MALE ,Single,03/03/2024,0
100146,19.0,589890.7,563.0,333802.83,1,East,Retired,MALE ,Married,23-Feb-2023,1
101729,23.0,773818.24,415.0,457922.04,4,Central,Employed,female,Single,23/09/2024,0
101958,55.0,,1200.0,407709.68,1,East,Self-Employed,MALE ,Married,16-Dec-2024,0
100402,36.0,889897.63,569.0,315950.92,3,South,Employed,female,Married,27-May-2023,1
100954,62.0,906726.44,374.0,492196.61,0,North,Retired,female,Single,15-Dec-2023,0
101907,27.0,679245.06,894.0,394493.92,4,North,Self-Employed,female,Divorced,11/27/2024,0
100659,34.0,63925.53,488.0,406620.83,2,West,Employed,F,Married,08/29/2023,0
101372,43.0,860984.22,639.0,396035.51,0,South,Self-Employed,female,Married,2024-05-16,0
100463,41.0,582267.97,413.0,590506.44,2,Central,Retired,M,Married,06/19/2023,0
101349,51.0,577928.64,740.0,265386.89,1,East,Employed,male,Widowed,07/05/2024,0
100186,27.0,509629.24,674.0,367921.66,4,Central,Unemployed,female,Married,09-Mar-2023,0
101147,61.0,772345.98,419.0,704555.95,3,North,Unemployed,M,Married,02/23/2024,0
101224,41.0,417231.63,442.0,116590.36,2,West,Self-Employed,male,Single,2024-03-22,0
100608,73.0,334402.68,841.0,549243.34,1,East,Unemployed,M,Widowed,2023-08-11,0
100143,41.0,1021849.57,498.0,397036.32,2,Central  ,Retired,Female,Married,02/22/2023,0
100751,26.0,801572.79,695.0,288531.94,1,East,Retired,M,Widowed,10/02/2023,0
101534,64.0,712228.4,346.0,267755.85,2,North,Self-Employed,female,Single,14-Jul-2024,1
100981,58.0,432195.98,559.0,202741.81,3,Central,Unemployed,female,Divorced,25/12/2023,0
100197,24.0,403710.49,325.0,445799.24,3,South,Employed,M,Single,13/03/2023,0
101633,68.0,514054.3,466.0,387611.28,2,West,Retired,male,Married,19/08/2024,0
100883,26.0,489614.32,796.0,302436.93,1,West,Retired,female,Widowed,11/19/2023,0
100279,22.0,546962.66,706.0,481377.32,2,West,Self-Employed,Male,Divorced,04/12/2023,0
100293,36.0,899834.08,454.0,489937.68,2,South,Employed,F,Widowed,17/04/2023,0
101851,32.0,838218.04,489.0,568739.93,0,Central,Self-Employed,FEMALE,Divorced,11/06/2024,0
100400,74.0,982157.77,309.0,387833.93,0,North,Unemployed,male,Married,2023-05-27,0
100122,55.0,580824.98,459.0,427214.71,1,North,Retired,Female,Widowed,14-Feb-2023,0
101207,59.0,733760.59,782.0,204397.56,2,South,Employed,Male,Married,03/16/2024,0
100202,46.0,559104.18,642.0,613004.19,0,Central,Retired,Female,Divorced,15-Mar-2023,1
101462,,1105513.81,800.0,435440.62,3,North,Unemployed,male,Divorced,17-Jun-2024,0
100835,62.0,573893.31,300.0,204102.64,2,North,Employed,FEMALE,Single,11/01/2023,0
100246,61.0,,769.0,290863.95,4,Central,Retired,MALE ,Widowed,31-Mar-2023,1
101439,72.0,722683.29,578.0,299927.42,4,South,Retired,male,Divorced,06/09/2024,0
101733,67.0,864302.59,786.0,323781.85,4,West,Unemployed,M,Widowed,24/09/2024,0
101779,57.0,911513.06,424.0,519590.88,2,West,Self-Employed,FEMALE,Divorced,10/11/2024,0
101931,45.0,,,403372.04,4,South,Employed,Male,Single,12/06/2024,0
101707,70.0,590095.71,,406628.49,0,South,Self-Employed,F,Married,09/15/2024,0
101910,22.0,515701.55,828.0,497284.88,0,East,Retired,M,Married,28-Nov-2024,0
101153,69.0,788786.42,496.0,362086.35,4,Central,Self-Employed,F,Divorced,26/02/2024,1
101661,52.0,445801.71,494.0,456770.04,4,Central,Self-Employed,MALE ,Widowed,29/08/2024,1
101426,56.0,727199.82,757.0,400798.45,0,North,Self-Employed,M,Married,04-Jun-2024,0
100384,19.0,790568.22,579.0,556759.7,3,South,Retired,male,Single,2023-05-21,0
101784,59.0,551590.63,748.0,143429.79,4,East,Employed,MALE ,Widowed,2024-10-13,0
100854,34.0,,509.0,452531.87,3,South,Retired,male,Single,08-Nov-2023,0
101589,19.0,125198.41,674.0,491519.58,0,Central,Self-Employed,MALE ,Widowed,03/08/2024,0
100219,69.0,570950.57,,200810.12,0,West,Retired,Female,Single,03/21/2023,0
100641,70.0,595578.83,513.0,593209.91,3,North,Retired,female,Single,23/08/2023,0
100001,62.0,881089.44,723.0,505453.82,4,West,Retired,Male,Widowed,01/01/2023,0
100112,49.0,1008825.04,401.0,485814.36,3,South,Self-Employed,Male,Married,2023-02-10,0
100698,20.0,475946.99,610.0,627928.7,2,Central,Retired,M,Widowed,12-Sep-2023,0
101945,24.0,649720.07,391.0,696233.66,0,South,Retired,Female,Married,11/12/2024,0
100951,35.0,570678.32,875.0,274960.62,2,Central,Self-Employed,FEMALE,Married,12/14/2023,0
101648,73.0,480255.17,560.0,409865.75,3,North,Unemployed,F,Widowed,2024-08-24,1
101636,27.0,701176.67,807.0,273134.08,4,South,Unemployed,M,Married,2024-08-20,0
101774,61.0,811893.53,404.0,398813.35,3,East,Retired,M,Widowed,09-Oct-2024,0
101410,21.0,475244.54,687.0,548715.41,1,South,Retired,female,Single,29-May-2024,1
101409,34.0,776111.16,564.0,444425.44,4,South,Retired,M,Single,29/05/2024,0
101533,28.0,788269.2,423.0,240821.17,1,Central,Employed,FEMALE,Married,13/07/2024,0
101291,-5.0,921146.6,742.0,706723.49,4,West,Employed,MALE ,Divorced,04/16/2024,0
101900,48.0,1032328.37,430.0,398306.37,2,West,Employed,female,Married,2024-11-24,0
100441,35.0,647801.33,782.0,296197.76,0,East,Employed,Female,Divorced,11/06/2023,0
101520,67.0,861989.69,371.0,240527.69,3,North,Employed,female,Divorced,2024-07-09,0
101136,59.0,842968.57,892.0,527177.74,2,Central,Self-Employed,female,Divorced,2024-02-19,0
101715,68.0,898908.7,609.0,350160.68,2,West,Employed,F,Married,09/18/2024,1
101256,30.0,451489.11,447.0,309999.21,0,South,Employed,Female,Widowed,2024-04-03,1
101892,68.0,427552.42,657.0,373760.52,3,West,Unemployed,MALE ,Married,2024-11-21,0
101631,69.0,171555.07,554.0,493179.63,1,South,Employed,male,Single,08/18/2024,0
101695,56.0,563154.29,727.0,572625.96,2,North,Employed,Female,Divorced,09/10/2024,0
101397,55.0,1282976.17,647.0,569713.66,0,South,Self-Employed,male,Single,25/05/2024,0
100663,29.0,345031.06,716.0,428446.07,2,South,Retired,Female,Married,08/31/2023,0
101874,41.0,924016.06,894.0,440882.89,4,South,Unemployed,F,Divorced,15-Nov-2024,0
101257,49.0,375085.41,707.0,367055.33,3,South,Unemployed,F,Single,04/04/2024,0
101800,21.0,1088161.89,341.0,487528.76,4,West,Retired,F,Widowed,2024-10-19,0
101700,33.0,582155.88,436.0,503779.6,0,North,Self-Employed,Male,Widowed,2024-09-12,0
100317,59.0,665117.11,719.0,344581.7,3,Central,Self-Employed,MALE ,Married,26/04/2023,0
100648,72.0,783032.34,404.0,527277.42,0,East  ,Unemployed,M,Married,2023-08-25,0
101434,36.0,895047.72,754.0,398033.29,1,Central,Unemployed,male,Single,07-Jun-2024,0
101479,41.0,555973.95,775.0,220073.68,2,Central,Retired,Female,Married,06/24/2024,0
100709,44.0,897132.97,461.0,548784.15,2,Central,Employed,male,Married,16/09/2023,0
101382,37.0,837364.25,813.0,403254.73,4,East,Unemployed,Female,Widowed,19-May-2024,0
101282,40.0,,523.0,551617.21,1,Central,,Male,Single,13-Apr-2024,0
101768,21.0,549304.26,763.0,530077.27,4,South,Retired,male,Married,2024-10-07,0
100972,45.0,449595.29,665.0,579522.51,0,North,Unemployed,Male,Divorced,2023-12-21,1
100627,38.0,744492.75,764.0,466889.25,2,Central,Retired,F,Widowed,08/17/2023,0
100632,42.0,383101.56,615.0,556673.78,1,South,,FEMALE,Widowed,2023-08-19,0
101306,32.0,877098.32,663.0,448731.64,1,South,Employed,MALE ,Single,21-Apr-2024,0
101400,66.0,553053.01,737.0,418186.08,0,Central,Employed,Male,Divorced,2024-05-26,0
101408,18.0,40187.59,776.0,315279.5,1,Central,Retired,FEMALE,Widowed,2024-05-29,0
101248,36.0,653474.55,621.0,415972.93,2,South,Employed,Female,Married,2024-03-31,0
101982,21.0,942317.53,561.0,211079.32,4,West,Self-Employed,male,Widowed,24-Dec-2024,0
101254,55.0,,586.0,410694.19,4,West,Self-Employed,Male,Married,02-Apr-2024,0
101496,49.0,352779.96,551.0,448479.64,3,East,Unemployed,M,Single,2024-06-30,0
101371,37.0,,682.0,373408.8,1,North,Employed,MALE ,Single,05/15/2024,0
101529,70.0,619479.03,464.0,328258.43,4,West,Retired,Male,Divorced,12/07/2024,0
101663,49.0,672539.21,638.0,210831.44,1,Central,Unemployed,female,Married,08/30/2024,0
101354,30.0,964444.74,874.0,288950.6,2,West,Retired,Male,Married,09-May-2024,0
101955,40.0,331761.89,857.0,651096.17,1,East,Self-Employed,F,Single,12/14/2024,1
101930,23.0,,687.0,426628.18,4,Central,Self-Employed,Female,Divorced,05-Dec-2024,0
101643,51.0,,782.0,423690.0,3,West,Self-Employed,female,Divorced,08/22/2024,0
101877,69.0,483853.33,418.0,451253.63,2,East,Self-Employed,M,Widowed,16/11/2024,0
100795,34.0,492479.37,890.0,534973.87,4,East,Retired,M,Widowed,10/18/2023,0
100645,36.0,639355.34,588.0,625240.28,1,East,Unemployed,male,Divorced,24/08/2023,1
101012,32.0,772167.13,739.0,568465.32,3,West,,Female,Single,2024-01-05,0
101867,61.0,773316.95,559.0,248345.1,0,South,Unemployed,MALE ,Single,11/12/2024,0
100556,59.0,602903.97,771.0,436063.2,2,South,Self-Employed,female,Widowed,2023-07-23,0
100681,25.0,605336.21,554.0,526918.79,0,North,Unemployed,F,Married,06/09/2023,0
100577,47.0,990962.58,780.0,139177.68,3,Central,Self-Employed,M,Single,30/07/2023,0
101819,34.0,652700.52,406.0,484961.3,3,North,Self-Employed,MALE ,Widowed,10/26/2024,0
101109,20.0,641381.28,475.0,422233.46,1,South,Employed,MALE ,Married,09/02/2024,0
101266,21.0,,881.0,340914.72,2,West,Employed,female,Single,07-Apr-2024,0
101722,55.0,,,550304.8,4,West,Retired,FEMALE,Divorced,20-Sep-2024,1
101183,43.0,634122.83,831.0,622260.34,2,South,Retired,female,Married,03/08/2024,0
100524,36.0,644328.68,874.0,398195.51,2,West,Unemployed,MALE ,Single,2023-07-11,0
101059,35.0,791288.34,884.0,355077.12,4,East,Employed,Male,Divorced,01/22/2024,0
100540,58.0,639216.6,501.0,464658.17,4,Central,,male,Divorced,2023-07-17,0
101194,47.0,414011.62,610.0,462021.93,2,East,Unemployed,M,Divorced,12-Mar-2024,0
101678,70.0,610894.63,648.0,780248.91,2,North,Unemployed,Male,Widowed,04-Sep-2024,0
100748,35.0,681649.18,734.0,566073.89,0,South,Unemployed,Female,Widowed,2023-10-01,0
101898,60.0,335654.38,305.0,312646.96,2,East,Self-Employed,FEMALE,Single,24-Nov-2024,0
101430,44.0,604175.61,,390155.4,2,Central,Employed,MALE ,Single,06-Jun-2024,0
100484,44.0,777474.56,549.0,425597.79,3,South,Employed,M,Married,2023-06-26,0
101757,52.0,503655.37,531.0,122950.57,1,West,Unemployed,M,Divorced,03/10/2024,1
100095,34.0,535882.21,695.0,397360.31,3,North,Retired,Female,Married,02/04/2023,0
101020,21.0,458195.73,691.0,438183.12,3,Central,Self-Employed,male,Single,2024-01-08,0
100563,28.0,788840.06,742.0,640235.71,2,North,Employed,FEMALE,Widowed,07/25/2023,0
101264,31.0,380609.67,500.0,179550.18,2,South,Unemployed,FEMALE,Divorced,2024-04-06,0
100742,54.0,609011.62,547.0,302631.53,3,East,Self-Employed,female,Widowed,28-Sep-2023,0
100863,62.0,836818.01,671.0,200740.72,3,Central,Retired,M,Single,11/12/2023,0
101598,66.0,414615.6,471.0,419885.46,3,North,Employed,MALE ,Married,06-Aug-2024,0
101714,54.0,594600.96,589.0,107529.82,2,North,Self-Employed,female,Widowed,17-Sep-2024,0
101484,41.0,549209.33,671.0,297312.45,3,East,Unemployed,Female,Married,2024-06-25,0
100891,58.0,748344.22,565.0,278259.99,1,North,Unemployed,female,Divorced,11/22/2023,0
101577,63.0,,318.0,251872.33,1,North,Retired,male,Married,29/07/2024,0
101038,42.0,930669.56,468.0,487987.35,4,East,Self-Employed,F,Widowed,15-Jan-2024,1
100206,61.0,400537.0,342.0,382570.11,3,South,Self-Employed,Female,Married,17-Mar-2023,0
100392,38.0,586509.33,442.0,486599.91,3,North,Employed,male,Single,2023-05-24,1
100794,42.0,455598.52,840.0,282828.63,4,North,Unemployed,M,Married,17-Oct-2023,0
100870,44.0,585323.52,789.0,397384.92,0,Central,Self-Employed,F,Married,14-Nov-2023,0
100397,29.0,555078.37,359.0,362519.16,0,North,Unemployed,male,Widowed,25/05/2023,0
100766,52.0,289505.32,729.0,278988.06,3,Central,Unemployed,M,Married,07-Oct-2023,0
101869,62.0,,386.0,469973.92,2,West,Retired,FEMALE,Divorced,13/11/2024,1
101241,62.0,802711.23,349.0,849435.86,2,East,Self-Employed,male,Divorced,29/03/2024,0
101028,50.0,748002.73,446.0,373284.48,0,East,Employed,female,Married,2024-01-11,0
101792,37.0,867993.87,774.0,349581.31,0,North,Retired,FEMALE,Widowed,2024-10-16,0
100642,66.0,554049.77,638.0,355717.49,3,North,Self-Employed,F,Single,23-Aug-2023,0
101921,48.0,550701.42,308.0,472395.32,4,South,Employed,Female,Widowed,02/12/2024,0
100612,62.0,736431.64,745.0,667155.77,2,South,Employed,Female,Widowed,2023-08-12,0
101762,18.0,333892.41,542.0,250759.83,1,West,Retired,Male,Divorced,05-Oct-2024,0
100960,26.0,395693.91,835.0,403865.53,4,Central,Self-Employed,M,Married,2023-12-17,0
101570,22.0,244518.72,679.0,168839.05,2,Central,Retired,F,Divorced,27-Jul-2024,0
100725,24.0,304512.74,366.0,519286.45,2,South,Unemployed,female,Single,22/09/2023,1
100683,72.0,523349.33,306.0,458282.75,0,Central,Retired,male,Single,09/07/2023,0
100098,54.0,634937.04,791.0,413826.57,1,North,Retired,Male,Married,05-Feb-2023,1
100804,-5.0,668004.41,565.0,512981.81,0,Central,Retired,Male,Married,2023-10-21,0
101751,68.0,909842.26,606.0,615588.86,1,North,Employed,Female,Single,10/01/2024,1
101597,59.0,933392.18,582.0,218168.5,4,West,Employed,MALE ,Widowed,06/08/2024,0
100406,42.0,248682.19,445.0,461069.47,1,South,Employed,M,Married,29-May-2023,0
100502,72.0,208094.47,318.0,415196.06,1,North,Self-Employed,Female,Divorced,03-Jul-2023,0
101071,29.0,401575.53,757.0,651164.75,4,South,Retired,male,Married,01/27/2024,0
101056,43.0,,832.0,407461.1,0,South,Retired,Female,Single,2024-01-21,0
100929,50.0,262245.15,812.0,427050.3,1,North,Unemployed,male,Divorced,06/12/2023,0
100779,66.0,505750.91,392.0,264028.91,0,South,Self-Employed,MALE ,Married,10/12/2023,0
101863,39.0,421193.57,598.0,343414.65,1,West,Unemployed,FEMALE,Divorced,11/11/2024,0
100200,38.0,1100435.49,603.0,442768.58,0,North,Employed,male,Divorced,2023-03-15,0
100134,63.0,803524.79,332.0,8170.63,0,North,Unemployed,FEMALE,Married,18-Feb-2023,0
101051,38.0,795462.61,726.0,298405.31,3,West,Employed,M,Single,01/19/2024,0
100040,27.0,556289.63,818.0,346370.48,4,South,Self-Employed,M,Single,2023-01-15,0
101017,46.0,,435.0,264386.63,4,Central,Self-Employed,FEMALE,Married,07/01/2024,0
100230,44.0,,502.0,411048.49,0,North,Self-Employed,Female,Widowed,25-Mar-2023,0
101513,36.0,1104131.75,494.0,485505.13,4,South,Employed,male,Divorced,06/07/2024,0
101796,,872281.83,721.0,132740.13,1,South,Retired,MALE ,Divorced,2024-10-17,0
100378,39.0,1227461.11,412.0,292621.38,0,Central,Retired,FEMALE,Married,19-May-2023,0
100288,48.0,492878.82,322.0,574369.45,2,West,Self-Employed,MALE ,Single,2023-04-16,1
100418,34.0,673545.76,379.0,452869.37,3,East,Self-Employed,male,Widowed,02-Jun-2023,0
101698,38.0,679699.13,470.0,338248.58,3,South,Unemployed,male,Widowed,12-Sep-2024,0
100391,28.0,547415.01,563.0,553231.58,3,West,Self-Employed,M,Divorced,05/23/2023,0
100592,31.0,613547.39,589.0,398841.06,0,West,Employed,MALE ,Married,2023-08-05,1
101522,28.0,649437.44,626.0,253714.55,3,North,Unemployed,M,Divorced,09-Jul-2024,1
101162,66.0,917115.52,564.0,405483.95,3,West,Self-Employed,MALE ,Divorced,29-Feb-2024,0
101086,63.0,1364359.61,737.0,523711.41,1,Central,Self-Employed,MALE ,Married,01-Feb-2024,0
101495,42.0,611347.31,859.0,388570.16,1,North,Employed,FEMALE,Married,06/29/2024,0
100647,48.0,480482.12,706.0,331238.76,3,East,Retired,FEMALE,Divorced,08/25/2023,1
101152,42.0,843134.95,539.0,476387.2,3,North,Self-Employed,MALE ,Married,2024-02-25,0
101367,43.0,527114.79,,506960.39,4,Central,Unemployed,FEMALE,Widowed,05/14/2024,0
100520,38.0,306749.25,306.0,562948.89,4,West,Employed,Male,Widowed,2023-07-09,0
101862,66.0,1273481.75,553.0,353364.0,2,East,Employed,M,Divorced,10-Nov-2024,0
101880,39.0,,675.0,421935.56,1,West,Employed,Male,Divorced,2024-11-17,0
100064,41.0,700693.76,690.0,352295.88,3,East,Retired,male,Single,2023-01-24,0
101836,71.0,404522.54,750.0,596564.43,0,East,Self-Employed,Female,Single,2024-11-01,1
100014,58.0,267321.19,703.0,286019.81,0,East,Employed,Female,Single,06-Jan-2023,0
101180,52.0,884142.34,504.0,350789.56,0,North,Self-Employed,female,Single,2024-03-06,0
101064,60.0,526632.95,309.0,152271.1,0,East,Self-Employed,FEMALE,Single,2024-01-24,0
100492,60.0,739329.86,584.0,686192.27,0,North,Employed,Female,Single,2023-06-29,0
100379,32.0,731710.87,383.0,415021.44,0,West,Self-Employed,female,Single,05/19/2023,1
100187,39.0,824454.21,713.0,253413.07,1,Central,Unemployed,F,Married,03/10/2023,1
100763,71.0,627282.27,,486302.1,1,South,Self-Employed,male,Married,10/06/2023,0
100216,22.0,808214.48,342.0,557863.45,2,North,Unemployed,FEMALE,Single,2023-03-20,1
100791,43.0,392320.74,637.0,63894.36,3,East,Employed,M,Widowed,10/16/2023,0
101076,58.0,459140.17,833.0,221414.15,0,West,Unemployed,M,Divorced,2024-01-28,0
100878,49.0,140567.87,525.0,329349.96,0,South,Self-Employed,M,Married,17-Nov-2023,0
100337,,587224.35,689.0,256231.13,1,West,Retired,F,Married,04/05/2023,0
101772,38.0,998017.73,818.0,173743.99,4,South,Retired,FEMALE,Married,2024-10-09,0
100719,52.0,515420.95,744.0,346208.9,1,North,Retired,FEMALE,Divorced,09/20/2023,0
101748,63.0,666888.87,715.0,671690.15,1,South,Unemployed,Male,Married,2024-09-30,0
100295,47.0,848944.5,594.0,433916.2,4,North,Retired,female,Married,04/18/2023,0
101725,62.0,634170.04,540.0,372074.34,3,East,Unemployed,male,Widowed,21/09/2024,0
101016,39.0,586984.3,1200.0,491333.58,1,North,Self-Employed,MALE ,Widowed,2024-01-07,0
101275,58.0,301581.88,,579474.77,2,North,Unemployed,Female,Single,04/10/2024,0
101750,71.0,690479.84,394.0,359646.13,1,West,Self-Employed,male,Married,01-Oct-2024,0
101485,-5.0,785282.71,346.0,414837.32,4,North,Retired,Female,Divorced,26/06/2024,0
100455,49.0,747632.65,343.0,330338.23,4,East,Employed,MALE ,Divorced,06/16/2023,0
100852,72.0,584792.89,582.0,571189.9,0,West,Self-Employed,male,Married,2023-11-08,1
100815,,40906.08,324.0,528157.7,4,West,Self-Employed,M,Widowed,10/25/2023,0
101886,55.0,710849.73,712.0,341320.37,3,South,Retired,F,Married,19-Nov-2024,0
100269,51.0,656646.34,662.0,445092.22,2,North,Retired,male,Divorced,09/04/2023,0
100995,53.0,582276.59,584.0,149341.14,3,North,Unemployed,male,Divorced,12/30/2023,1
100201,69.0,547062.65,756.0,342906.27,3,East,Retired,M,Single,15/03/2023,1
100161,55.0,589025.97,679.0,677561.85,3,East,Unemployed,Female,Widowed,28/02/2023,0
101579,52.0,572027.17,733.0,496045.36,1,East,Employed,male,Widowed,07/30/2024,0
100729,55.0,533557.96,688.0,333081.16,3,East,Retired,MALE ,Married,24/09/2023,0
100401,62.0,961408.74,379.0,327279.94,2,Central,Employed,Male,Single,27/05/2023,1
100702,27.0,475329.89,,393654.29,0,Central,Self-Employed,M,Single,14-Sep-2023,0
101500,48.0,980626.08,712.0,509167.92,4,East,Self-Employed,Female,Single,2024-07-01,0
101845,53.0,544872.91,868.0,263188.22,0,Central,Unemployed,M,Divorced,04/11/2024,0
101795,29.0,516620.12,606.0,499191.27,1,Central,Unemployed,M,Single,10/17/2024,0
101129,55.0,867705.69,562.0,392673.46,1,West,Unemployed,Female,Single,17/02/2024,0
100565,31.0,895369.94,361.0,248792.82,1,West,Retired,F,Married,26/07/2023,0
101413,63.0,581574.0,413.0,530209.97,1,East,Retired,Male,Widowed,31/05/2024,0
101021,22.0,448429.54,582.0,326783.68,1,Central,Retired,Female,Married,08/01/2024,0
101025,21.0,707915.11,898.0,233614.43,1,West,Unemployed,MALE ,Married,10/01/2024,0
101411,50.0,660657.76,426.0,275955.12,1,West,Retired,male,Widowed,05/30/2024,0
101895,66.0,454149.74,648.0,284398.11,1,East,Self-Employed,FEMALE,Widowed,11/23/2024,0
101585,36.0,541593.13,496.0,432544.27,1,West,Unemployed,F,Married,01/08/2024,0
101104,,298271.46,368.0,535570.02,4,West,Unemployed,FEMALE,Single,2024-02-08,0
100205,33.0,620779.95,334.0,699164.27,1,South,Self-Employed,female,Married,16/03/2023,0
100034,68.0,467678.27,794.0,446906.89,2,Central,Self-Employed,male,Married,13-Jan-2023,0
100775,72.0,776645.79,695.0,346298.6,4,South,Self-Employed,Male,Widowed,10/11/2023,1
100508,33.0,609300.25,379.0,284703.58,2,West,Self-Employed,FEMALE,Married,2023-07-05,0
101451,20.0,804058.85,892.0,275716.88,0,North,Retired,MALE ,Married,06/13/2024,0
101478,31.0,1300906.57,581.0,541443.36,3,East,Retired,male,Divorced,23-Jun-2024,1
101446,71.0,289662.3,307.0,260409.47,3,South,Self-Employed,Male,Divorced,12-Jun-2024,0
101390,35.0,730997.56,626.0,445561.38,1,North,Self-Employed,Female,Widowed,22-May-2024,0
100091,63.0,-100000.0,433.0,489242.87,1,East,Unemployed,Male,Widowed,02/03/2023,0
101363,29.0,424472.22,738.0,670589.57,4,West,Retired,MALE ,Single,05/12/2024,0
100897,21.0,722471.37,637.0,460538.21,0,North,Retired,Female,Divorced,24/11/2023,0
100564,68.0,727347.89,820.0,512432.58,1,Central,Self-Employed,Female,Married,2023-07-25,0
101369,54.0,1341858.97,585.0,244954.65,1,West,Employed,Male,Widowed,14/05/2024,0
100776,42.0,322049.21,365.0,443107.11,3,Central,Retired,F,Divorced,2023-10-11,1
100241,51.0,1220408.22,499.0,753373.18,3,East,Self-Employed,F,Divorced,30/03/2023,0
100013,61.0,,854.0,99577.94,0,East,Employed,female,Single,05/01/2023,0
100315,55.0,146474.35,632.0,567636.13,0,West,Retired,Male,Single,04/26/2023,0
100600,,690514.89,412.0,122080.33,0,South,Self-Employed,FEMALE,Single,2023-08-08,0
100387,65.0,1128238.7,688.0,134319.27,3,West,Retired,MALE ,Single,05/22/2023,0
101297,56.0,769402.68,592.0,372158.36,3,South,,male,Widowed,18/04/2024,0
100166,36.0,995426.9,786.0,620314.56,4,East,Retired,M,Widowed,02-Mar-2023,0
100840,34.0,649859.23,680.0,272468.89,0,West,Self-Employed,F,Divorced,2023-11-03,0
100020,46.0,732760.04,426.0,477548.57,3,North,Employed,F,Married,2023-01-08,0
100646,44.0,669649.68,638.0,144004.4,2,Central,Retired,Female,Widowed,24-Aug-2023,0
101842,64.0,305989.17,421.0,391609.45,4,East,Retired,MALE ,Married,03-Nov-2024,0
101508,67.0,659120.19,672.0,370049.53,4,South,Unemployed,female,Widowed,2024-07-04,0
101154,35.0,661054.25,610.0,561355.84,1,Central,,female,Divorced,26-Feb-2024,0
101528,19.0,1202660.22,309.0,355428.29,1,North,Employed,Male,Married,2024-07-11,0
100831,31.0,509132.14,715.0,498092.17,4,East,Employed,FEMALE,Married,10/31/2023,0
101267,39.0,419130.06,527.0,199612.4,3,West,Unemployed,F,Single,04/07/2024,0
101590,59.0,859892.02,668.0,393482.4,4,North,Employed,M,Widowed,03-Aug-2024,0
101899,37.0,777534.68,523.0,358061.33,0,North,Self-Employed,M,Widowed,11/24/2024,0
100562,46.0,804320.4,415.0,294843.88,3,Central,Retired,Female,Widowed,25-Jul-2023,0
101981,53.0,831507.26,868.0,219344.96,2,East,Employed,FEMALE,Married,24/12/2024,0
100686,41.0,553592.5,615.0,295262.1,0,South,Unemployed,male,Married,08-Sep-2023,0
100957,54.0,636224.48,882.0,333148.07,4,East  ,Employed,FEMALE,Single,16/12/2023,1
100189,35.0,650334.96,866.0,285021.93,2,South,Self-Employed,Male,Divorced,11/03/2023,0
101806,18.0,609058.97,542.0,289598.81,0,Central,Employed,FEMALE,Married,21-Oct-2024,0
100975,30.0,343021.11,365.0,392298.57,3,North,Retired,Female,Married,12/23/2023,0
100699,23.0,705991.86,421.0,307968.62,2,North,Retired,F,Married,09/13/2023,0
101499,65.0,539873.03,614.0,200516.35,2,West,,F,Married,07/01/2024,0
101705,66.0,533904.9,809.0,273104.84,2,South,Employed,MALE ,Divorced,14/09/2024,0
100510,74.0,285715.52,577.0,198364.54,2,North,Self-Employed,male,Married,06-Jul-2023,0
101082,72.0,369260.74,,336054.76,4,North,Retired,M,Divorced,31-Jan-2024,1
100474,-5.0,740147.92,403.0,585399.77,3,East,Retired,Female,Widowed,23-Jun-2023,0
101584,54.0,622941.67,377.0,468280.41,4,North,Employed,FEMALE,Widowed,2024-08-01,1
100856,31.0,811139.6,531.0,332880.45,1,West,Self-Employed,Male,Single,2023-11-09,0
100747,35.0,396829.04,603.0,311061.12,2,North,Unemployed,female,Married,09/30/2023,0
100252,28.0,981238.92,372.0,591629.53,2,Central,Employed,F,Married,2023-04-03,0
100021,39.0,574345.06,885.0,331732.4,1,South,,female,Divorced,08/01/2023,0
101337,34.0,742339.51,710.0,696301.47,4,Central,Retired,Male,Single,03/05/2024,0
100459,24.0,856106.77,503.0,330161.98,3,South,Employed,male,Divorced,06/17/2023,0
101184,41.0,832873.1,424.0,471975.86,4,East,Employed,male,Single,2024-03-08,0
100276,44.0,517255.87,635.0,657866.36,0,West,Employed,Male,Widowed,2023-04-11,0
100955,52.0,169623.87,892.0,588273.76,0,North,Retired,Male,Widowed,12/15/2023,0
101215,24.0,184378.81,789.0,474239.7,4,East,Employed,FEMALE,Single,03/19/2024,0
100385,24.0,327029.43,416.0,470801.44,3,West,Unemployed,Male,Married,21/05/2023,0
100805,62.0,-100000.0,493.0,215460.98,3,North,Employed,female,Single,21/10/2023,0
101437,55.0,433515.03,750.0,548871.49,1,East,Employed,FEMALE,Single,08/06/2024,1
101515,71.0,704360.1,313.0,591188.6,3,North,Employed,male,Single,07/07/2024,0
100343,47.0,,,653847.27,3,East,Retired,female,Widowed,05/06/2023,0
100769,39.0,307916.43,810.0,315865.14,4,East,Self-Employed,male,Married,08/10/2023,0
101332,42.0,573470.24,352.0,300826.49,2,West,Self-Employed,M,Single,2024-05-01,0
101685,47.0,971647.53,871.0,-258367.19,4,East,Retired,Male,Widowed,07/09/2024,0
100130,50.0,773639.16,863.0,375956.06,3,South,Unemployed,male,Single,17-Feb-2023,0
101687,41.0,,311.0,687724.66,1,North,Self-Employed,F,Widowed,09/08/2024,0
100871,29.0,1019569.73,563.0,394035.67,4,North,Unemployed,M,Widowed,11/15/2023,0
101123,31.0,698775.99,821.0,453715.54,0,North,Unemployed,Female,Married,02/15/2024,0
101396,53.0,770083.57,696.0,447245.09,1,Central,Employed,FEMALE,Widowed,2024-05-24,0
100087,35.0,305671.09,665.0,429459.19,2,Central,Unemployed,MALE ,Single,02/01/2023,0
101482,34.0,854776.04,599.0,507330.71,3,Central,Employed,F,Divorced,25-Jun-2024,0
100330,49.0,484645.78,622.0,459189.91,0,West,Unemployed,male,Single,01-May-2023,0
101238,34.0,576413.07,757.0,299643.23,1,North,Self-Employed,female,Divorced,28-Mar-2024,0
100466,27.0,241134.19,506.0,391678.6,4,North,Unemployed,M,Married,20-Jun-2023,1
100121,56.0,813311.22,328.0,305738.83,3,West,Unemployed,FEMALE,Widowed,14/02/2023,0
101638,28.0,425626.76,566.0,458124.38,0,East,Self-Employed,female,Widowed,21-Aug-2024,1
101044,58.0,1094295.71,621.0,458493.99,0,North,Employed,male,Widowed,2024-01-17,1
101724,48.0,391991.94,322.0,447639.23,4,North,Retired,FEMALE,Divorced,2024-09-21,0
101095,22.0,718215.63,541.0,284325.59,4,Central,Employed,male,Widowed,02/04/2024,0
101130,41.0,448868.34,,687067.91,3,West,Self-Employed,Male,Divorced,17-Feb-2024,0
101294,72.0,453805.19,894.0,267612.86,3,North,,F,Married,17-Apr-2024,0
100860,73.0,1039704.06,355.0,397849.9,0,West,Employed,female,Married,2023-11-11,0
101459,47.0,1176721.18,335.0,509724.15,2,East,Retired,M,Single,06/16/2024,0
101126,66.0,854690.99,486.0,298451.45,4,Central,Self-Employed,male,Married,16-Feb-2024,0
